Industry Type,Company Rating
Information Technology,3.4
Business Services,3.4
Insurance,2.9
Finance,4.4
Information Technology,5.0
Finance,4.8
Information Technology,3.9
Information Technology,4.4
Information Technology,4.3
Finance,3.9
Finance,4.4
Business Services,3.0
Finance,3.6
Business Services,3.3
Business Services,3.9
Information Technology,3.4
Finance,4.1
Information Technology,3.4
Business Services,4.4
Information Technology,3.8
Information Technology,4.1
Insurance,3.3
Insurance,3.3
Information Technology,4.3
Information Technology,3.7
Finance,4.3
Business Services,3.0
Insurance,3.7
Information Technology,3.4
Finance,4.1
Business Services,4.3
Information Technology,4.5
Non-Profit,3.9
Business Services,4.7
Finance,3.6
Finance,3.9
Finance,3.9
Information Technology,3.2
Insurance,3.3
Business Services,4.2
Information Technology,3.6
Information Technology,3.9
Information Technology,3.9
Information Technology,3.8
Information Technology,5.0
Business Services,3.4
Finance,3.9
Finance,4.4
Business Services,3.0
Finance,4.0
Information Technology,3.9
Non-Profit,3.6
Information Technology,3.9
Business Services,2.8
Information Technology,4.4
Finance,2.9
Information Technology,4.4
Business Services,3.8
Government,3.8
Health Care,2.7
Information Technology,4.3
Information Technology,4.5
Finance,3.9
Information Technology,3.3
Information Technology,3.8
Oil - Gas - Energy & Utilities,3.6
Business Services,3.3
Health Care,4.1
Information Technology,2.8
Business Services,2.9
Finance,4.8
Finance,3.9
Information Technology,3.8
Business Services,5.0
Business Services,4.2
Information Technology,4.7
Non-Profit,2.8
Business Services,4.2
Finance,4.0
Business Services,4.9
Business Services,4.0
Business Services,3.4
Business Services,2.7
Government,3.5
Information Technology,3.3
Information Technology,2.5
Information Technology,4.4
Finance,4.4
Information Technology,4.8
Health Care,3.6
Information Technology,3.8
Information Technology,3.9
Information Technology,4.5
Finance,4.4
Information Technology,1.0
Information Technology,4.7
Information Technology,3.8
Information Technology,4.2
Information Technology,3.4
Information Technology,3.9
Business Services,4.4
Information Technology,3.9
Information Technology,4.8
Business Services,5.0
Finance,3.9
Business Services,3.8
Business Services,2.8
Information Technology,4.0
Business Services,3.6
Information Technology,3.7
Finance,3.9
Business Services,4.2
Health Care,1.9
Insurance,3.5
Business Services,3.8
Information Technology,4.4
Health Care,5.0
Government,3.4
Health Care,3.1
Insurance,3.4
Information Technology,4.0
Information Technology,3.4
Health Care,3.6
Information Technology,3.0
Information Technology,4.1
Information Technology,4.5
Information Technology,4.2
Information Technology,3.8
Health Care,4.1
Information Technology,3.6
Information Technology,3.1
Information Technology,3.6
Information Technology,4.0
Business Services,4.7
Information Technology,4.4
Business Services,3.6
Information Technology,3.9
Business Services,1.6
Insurance,3.5
Biotech & Pharmaceuticals,4.0
Business Services,4.0
Finance,3.5
Information Technology,4.0
Business Services,3.5
Information Technology,3.4
Business Services,3.6
Business Services,3.2
Information Technology,4.7
Business Services,5.0
Business Services,4.2
Insurance,3.7
Insurance,3.1
Health Care,3.8
Finance,3.9
Health Care,4.1
Finance,3.8
Finance,3.7
Business Services,4.4
Information Technology,3.9
Business Services,5.0
Information Technology,3.9
Business Services,4.2
Finance,3.9
Information Technology,3.7
Information Technology,4.3
Finance,3.5
Information Technology,3.0
Insurance,3.1
Business Services,5.0
Information Technology,4.4
Business Services,2.6
Insurance,3.6
Non-Profit,4.6
Information Technology,4.1
Business Services,3.3
Information Technology,3.5
Insurance,3.2
Business Services,4.0
Information Technology,4.0
Information Technology,3.6
Information Technology,3.8
Finance,3.9
Finance,4.4
Information Technology,3.9
Information Technology,4.1
Finance,4.4
Information Technology,3.7
Business Services,2.5
Information Technology,4.9
Business Services,3.6
Information Technology,3.6
Information Technology,3.3
Finance,3.6
Finance,5.0
Information Technology,3.8
Health Care,4.8
Health Care,4.1
Information Technology,4.4
Finance,3.3
Finance,3.7
Government,4.1
Information Technology,4.5
Information Technology,3.6
Information Technology,3.2
Finance,3.8
Business Services,4.1
Health Care,4.8
Finance,3.9
Finance,3.6
Finance,3.9
Finance,4.4
Finance,3.9
Information Technology,3.9
Finance,3.6
Business Services,3.8
Government,3.4
Non-Profit,3.2
Information Technology,4.0
Information Technology,3.9
Business Services,4.9
Information Technology,4.8
Information Technology,4.4
Business Services,4.7
Business Services,2.8
Information Technology,3.7
Information Technology,3.7
Information Technology,5.0
Government,3.7
Information Technology,4.4
Insurance,3.4
Insurance,3.7
Biotech & Pharmaceuticals,4.0
Business Services,2.9
Information Technology,4.5
Information Technology,3.9
Finance,3.8
Finance,3.9
Information Technology,4.0
Finance,3.7
Business Services,3.1
Information Technology,4.4
Insurance,3.6
Health Care,3.7
Business Services,4.7
Business Services,4.2
Business Services,4.7
Information Technology,3.9
Finance,3.4
Information Technology,3.4
Information Technology,4.2
Business Services,3.2
Information Technology,4.5
Information Technology,3.8
Information Technology,3.6
Government,3.5
Finance,3.7
Information Technology,3.2
Finance,2.4
Finance,5.0
Finance,3.9
Information Technology,4.2
Information Technology,4.7
Information Technology,3.7
Information Technology,3.9
Oil - Gas - Energy & Utilities,2.8
Health Care,3.3
Insurance,3.1
Information Technology,2.5
Information Technology,3.0
Business Services,3.0
Information Technology,5.0
Finance,3.9
Biotech & Pharmaceuticals,4.9
Business Services,3.6
Information Technology,3.6
Business Services,4.2
Health Care,3.3
Information Technology,3.7
Information Technology,3.6
Finance,4.5
Information Technology,4.7
Health Care,3.1
Non-Profit,4.6
Information Technology,4.1
Business Services,5.0
Information Technology,4.1
Non-Profit,4.6
Finance,3.9
Information Technology,4.5
Information Technology,3.6
Information Technology,3.9
Information Technology,3.8
Finance,3.9
Insurance,4.0
Finance,3.8
Business Services,4.8
Information Technology,4.3
Business Services,4.5
Information Technology,3.9
Health Care,3.3
Information Technology,3.8
Business Services,4.9
Health Care,3.9
Information Technology,3.7
Information Technology,4.4
Business Services,4.7
Biotech & Pharmaceuticals,3.2
Information Technology,5.0
Information Technology,3.9
Business Services,3.8
Information Technology,3.1
Information Technology,4.1
Business Services,3.4
Insurance,2.3
Business Services,3.1
Information Technology,3.8
Business Services,3.4
Biotech & Pharmaceuticals,4.0
Biotech & Pharmaceuticals,3.4
Business Services,4.0
Information Technology,4.5
Information Technology,4.5
Finance,4.0
Information Technology,3.7
Business Services,3.8
Government,3.6
Information Technology,3.1
Business Services,3.2
Insurance,3.6
Information Technology,5.0
Information Technology,5.0
Information Technology,3.7
Government,3.6
Non-Profit,3.6
Information Technology,3.5
Business Services,4.7
Government,4.1
Business Services,4.2
Information Technology,3.7
Biotech & Pharmaceuticals,3.4
Finance,3.6
Information Technology,4.5
Business Services,3.8
Business Services,4.3
Business Services,1.6
Biotech & Pharmaceuticals,4.9
Health Care,4.0
Business Services,5.0
Insurance,3.7
Information Technology,3.7
Business Services,5.0
Information Technology,3.8
Information Technology,3.3
Information Technology,3.7
Health Care,3.7
Health Care,3.8
Insurance,1.6
Information Technology,3.8
Information Technology,3.6
Business Services,3.7
Information Technology,4.0
Business Services,3.5
Information Technology,3.4
Business Services,3.7
Information Technology,4.4
Business Services,4.4
Business Services,4.9
Finance,3.1
Information Technology,5.0
Information Technology,3.9
Health Care,3.3
Information Technology,3.4
Health Care,3.7
Biotech & Pharmaceuticals,3.8
Information Technology,3.9
Information Technology,3.7
Biotech & Pharmaceuticals,3.4
Finance,4.0
Information Technology,4.0
Finance,4.3
Health Care,4.0
Business Services,3.6
Information Technology,3.1
Information Technology,4.0
Information Technology,3.3
Business Services,4.2
Information Technology,4.8
Business Services,4.2
Health Care,3.3
Information Technology,4.1
Information Technology,5.0
Information Technology,5.0
Information Technology,3.1
Information Technology,3.9
Health Care,4.0
Insurance,3.1
Insurance,3.6
Health Care,3.9
Information Technology,4.7
Biotech & Pharmaceuticals,3.4
Finance,3.9
Information Technology,3.9
Finance,2.4
Information Technology,2.7
Biotech & Pharmaceuticals,3.2
Business Services,3.5
Health Care,3.3
Information Technology,3.6
Finance,3.2
Information Technology,5.0
Business Services,4.9
Biotech & Pharmaceuticals,3.7
Information Technology,3.5
Biotech & Pharmaceuticals,3.7
Business Services,3.8
Business Services,3.7
Government,4.3
Health Care,4.1
Information Technology,3.6
Information Technology,3.2
Biotech & Pharmaceuticals,3.4
Information Technology,3.7
Government,4.2
Health Care,4.7
Information Technology,2.8
Business Services,3.1
Business Services,4.1
Business Services,3.8
Business Services,3.2
Information Technology,3.5
Biotech & Pharmaceuticals,3.2
Business Services,3.8
Health Care,4.6
Business Services,3.8
Business Services,2.8
Finance,3.9
Information Technology,3.4
Biotech & Pharmaceuticals,3.7
Health Care,3.7
Health Care,3.3
Health Care,3.9
Business Services,4.7
Biotech & Pharmaceuticals,3.4
Insurance,3.2
Business Services,4.3
Finance,3.6
Telecommunications,2.4
Information Technology,4.2
Information Technology,4.4
Insurance,3.5
Business Services,3.6
Health Care,5.0
Insurance,2.4
Business Services,4.6
Information Technology,4.4
Health Care,3.9
Information Technology,5.0
Business Services,2.7
Health Care,3.9
Health Care,3.8
Health Care,3.0
Health Care,3.8
Biotech & Pharmaceuticals,3.4
Information Technology,3.8
Finance,4.1
Information Technology,3.7
Finance,3.8
Finance,3.9
Finance,3.9
Information Technology,3.3
Business Services,4.3
Finance,3.9
Finance,3.7
Business Services,3.5
Finance,4.1
Business Services,4.5
Information Technology,2.2
Information Technology,3.4
Business Services,4.2
Information Technology,5.0
Finance,4.1
Health Care,3.2
Insurance,3.6
Insurance,3.3
Information Technology,4.9
Health Care,3.2
Business Services,4.7
Information Technology,3.0
Information Technology,3.8
Information Technology,3.9
Information Technology,3.2
Information Technology,3.8
Information Technology,4.3
Information Technology,4.7
Finance,5.0
Information Technology,4.2
Information Technology,4.0
Information Technology,3.8
Information Technology,2.6
Business Services,4.6
Information Technology,3.8
Information Technology,3.5
Information Technology,4.1
Information Technology,2.8
Business Services,4.2
Government,3.5
Information Technology,4.7
Government,4.3
Business Services,3.8
Business Services,3.8
Business Services,3.1
Information Technology,3.8
Government,3.8
Information Technology,3.2
Finance,3.9
Business Services,2.6
Insurance,1.6
Business Services,4.0
Finance,3.7
Finance,3.3
Information Technology,4.7
Health Care,2.9
Information Technology,3.6
Business Services,4.5
Finance,3.9
Finance,3.3
Business Services,3.3
Business Services,3.8
Business Services,2.8
Insurance,3.6
Information Technology,3.7
Information Technology,4.5
Finance,3.9
Business Services,3.4
Business Services,3.5
Biotech & Pharmaceuticals,3.2
Finance,3.1
Information Technology,3.2
Business Services,4.6
Information Technology,3.2
Finance,4.7
Finance,3.9
Information Technology,4.1
Finance,4.0
Information Technology,5.0
Insurance,3.5
Business Services,3.4
Business Services,2.6
Health Care,4.1
Finance,4.7
Health Care,3.8
Information Technology,3.7
Finance,3.4
Business Services,3.4
Insurance,3.5
Insurance,3.1
Information Technology,3.4
Business Services,3.9
Health Care,4.1
Oil - Gas - Energy & Utilities,3.9
Biotech & Pharmaceuticals,2.8
Business Services,4.5
Business Services,3.8
Finance,4.8
Information Technology,3.2
Information Technology,3.9
Information Technology,3.7
Non-Profit,3.3
Business Services,4.7
Health Care,3.3
Health Care,4.0
Health Care,4.6
Biotech & Pharmaceuticals,3.2
Finance,3.9
Biotech & Pharmaceuticals,3.2
Information Technology,3.7
Finance,3.4
Business Services,4.4
Information Technology,4.1
Information Technology,3.8
Finance,3.5
Information Technology,3.9
Information Technology,3.8
Information Technology,4.8
Information Technology,5.0
Information Technology,3.7
Information Technology,3.7
Business Services,4.3
Information Technology,4.5
Finance,3.4
Information Technology,3.9
Information Technology,3.8
Information Technology,3.5
Business Services,3.4
Business Services,3.8
Information Technology,5.0
Business Services,3.8
Insurance,3.6
Business Services,4.5
Business Services,4.2
Information Technology,3.7
Information Technology,3.7
Finance,3.3
Finance,3.3
Business Services,3.7
Insurance,2.9
Business Services,2.7
Information Technology,3.9
Information Technology,3.7
Business Services,3.5
Business Services,4.1
Business Services,4.5
Business Services,4.1
Information Technology,2.0
Finance,4.1
Business Services,4.6
Business Services,5.0
Information Technology,3.7
Finance,5.0
Information Technology,3.9
Business Services,4.2
Information Technology,4.1
Information Technology,3.7
Information Technology,3.7
Business Services,4.5
Finance,3.3
Information Technology,4.0
Finance,3.3
Finance,3.3
Insurance,3.6
Business Services,3.1
Information Technology,5.0
Biotech & Pharmaceuticals,3.2
Finance,3.3
Non-Profit,3.9
Information Technology,3.8
Health Care,3.0
Information Technology,3.5
Business Services,4.1
Business Services,4.6
Information Technology,4.1
Finance,3.7
Business Services,3.6
Finance,3.3
Business Services,3.2
Information Technology,4.2
Information Technology,4.0
Health Care,2.9
Business Services,3.4
Information Technology,4.0
Biotech & Pharmaceuticals,3.7
Information Technology,3.7
Information Technology,4.0
Information Technology,4.7
Health Care,2.9
Business Services,3.3
Business Services,4.2
Health Care,2.9
Business Services,3.4
Business Services,3.5
Insurance,2.9
Biotech & Pharmaceuticals,3.4
Finance,3.7
Finance,3.2
Business Services,4.5
Information Technology,3.8
Insurance,3.3
Health Care,3.2
Business Services,3.7
Information Technology,2.6
Information Technology,3.9
Insurance,4.6
Information Technology,2.2
Biotech & Pharmaceuticals,3.2
Information Technology,3.7
Business Services,3.7
Finance,3.9
Information Technology,4.3
Biotech & Pharmaceuticals,3.7
Business Services,2.9
Business Services,4.6
Business Services,3.4
Finance,2.5
Business Services,3.6
Business Services,4.1
Finance,3.7
Finance,3.8
Business Services,3.2
Information Technology,3.9
Health Care,3.9
Business Services,4.4
Government,4.1
Insurance,2.7
Business Services,4.7
Business Services,3.6
Information Technology,3.1
Information Technology,3.6
Biotech & Pharmaceuticals,3.2
Health Care,3.7
Biotech & Pharmaceuticals,3.2
Business Services,5.0
Business Services,4.6
Health Care,3.9
Health Care,3.9
Health Care,3.9
Information Technology,3.9
Business Services,3.2
Finance,3.2
Information Technology,4.2
Information Technology,3.6
Finance,3.7
Business Services,4.2
Biotech & Pharmaceuticals,3.2
Government,3.4
Business Services,4.9
Government,4.1
Information Technology,3.9
Insurance,3.5
Information Technology,4.1
Finance,3.3
Health Care,3.9
Finance,3.3
Business Services,3.4
Information Technology,2.4
Business Services,3.4
Insurance,3.3
Business Services,3.0
Business Services,5.0
Business Services,5.0
Information Technology,3.2
Business Services,3.7
Business Services,3.4
Information Technology,4.6
Biotech & Pharmaceuticals,3.2
Information Technology,5.0
Information Technology,3.9
Information Technology,4.5
Health Care,2.9
Finance,2.7
Information Technology,2.2
Finance,3.7
Finance,3.7
Oil - Gas - Energy & Utilities,3.5
Business Services,3.3
Information Technology,4.9
Information Technology,3.9
Oil - Gas - Energy & Utilities,2.2
Information Technology,3.9
Information Technology,4.2
Oil - Gas - Energy & Utilities,3.4
Oil - Gas - Energy & Utilities,3.4
Oil - Gas - Energy & Utilities,3.7
Government,3.8
Business Services,3.3
Biotech & Pharmaceuticals,3.2
Business Services,4.1
Insurance,3.4
Business Services,3.7
Information Technology,4.0
Business Services,3.2
Government,3.5
Information Technology,3.7
Oil - Gas - Energy & Utilities,3.4
Business Services,4.1
Information Technology,3.3
Information Technology,3.1
Business Services,4.1
Information Technology,3.9
Government,3.6
Information Technology,3.9
Biotech & Pharmaceuticals,3.2
Oil - Gas - Energy & Utilities,3.4
Information Technology,3.1
Finance,3.6
Business Services,4.8
Information Technology,4.3
Finance,2.8
Business Services,3.1
Information Technology,3.7
Government,2.5
Telecommunications,3.6
Business Services,3.5
Information Technology,3.7
Information Technology,3.9
Business Services,3.4
Business Services,4.0
Information Technology,3.9
Information Technology,3.7
Information Technology,4.2
Business Services,3.8
Information Technology,3.7
Information Technology,2.4
Business Services,4.0
Biotech & Pharmaceuticals,3.3
Health Care,3.2
Oil - Gas - Energy & Utilities,3.2
Information Technology,3.6
Health Care,2.5
Health Care,3.2
Health Care,2.8
Information Technology,5.0
Business Services,3.9
Business Services,3.3
Information Technology,3.5
Information Technology,3.2
Information Technology,4.0
Health Care,2.7
Information Technology,3.0
Information Technology,4.3
Information Technology,3.7
Oil - Gas - Energy & Utilities,3.6
Business Services,4.1
Business Services,4.5
Finance,3.9
Business Services,3.6
Business Services,3.8
Oil - Gas - Energy & Utilities,3.6
Health Care,4.1
Health Care,3.5
Health Care,3.6
Biotech & Pharmaceuticals,3.3
Business Services,4.6
Health Care,2.7
Business Services,4.6
Business Services,3.4
Business Services,3.7
Finance,2.8
Information Technology,3.9
Information Technology,3.0
Biotech & Pharmaceuticals,3.3
Information Technology,3.6
Health Care,4.1
Business Services,3.8
Health Care,4.4
Oil - Gas - Energy & Utilities,3.6
Insurance,3.6
Information Technology,3.9
Finance,2.8
Health Care,2.7
Information Technology,4.5
Health Care,4.1
Business Services,3.5
Information Technology,3.6
Information Technology,3.8
Health Care,3.2
Finance,1.0
Information Technology,3.3
Biotech & Pharmaceuticals,3.3
Business Services,4.5
Business Services,4.0
Finance,3.9
Government,3.8
Information Technology,3.9
Biotech & Pharmaceuticals,3.3
Business Services,4.6
Finance,4.4
Information Technology,3.1
Oil - Gas - Energy & Utilities,2.0
Health Care,3.6
Health Care,4.1
Business Services,4.5
Health Care,2.7
Health Care,4.1
Health Care,4.1
Information Technology,3.2
Health Care,3.2
Information Technology,3.2
Information Technology,3.2
Business Services,3.7
Health Care,3.6
Health Care,4.1
Finance,3.7
Health Care,4.1
Health Care,4.1
Health Care,4.1
Health Care,4.1
Finance,5.0
Finance,3.7
Finance,2.0
Health Care,3.2
Health Care,3.2
Health Care,4.1
Information Technology,3.2
Business Services,4.9
Business Services,5.0
Business Services,3.8
Information Technology,4.2
Information Technology,4.0
Health Care,4.1
Insurance,3.3
Insurance,3.4
Finance,3.1
Biotech & Pharmaceuticals,3.1
Business Services,3.8
Health Care,3.5
Health Care,4.1
Health Care,4.1
Telecommunications,3.6
Business Services,3.7
Health Care,4.1
Business Services,4.2
Information Technology,4.2
Information Technology,3.9
Business Services,3.5
Information Technology,4.2
Information Technology,4.2
Information Technology,4.2
Information Technology,4.2
Information Technology,4.2
Information Technology,4.2
Business Services,4.2
Business Services,3.5
Information Technology,4.4
Finance,3.1
Insurance,3.6
Insurance,3.6
Information Technology,4.8
Information Technology,4.1
Business Services,3.1
Business Services,4.9
Information Technology,4.2
Business Services,3.3
Information Technology,3.9
Information Technology,3.9
Information Technology,4.4
Business Services,4.0
Information Technology,2.8
Information Technology,3.7
Government,3.5
Business Services,4.6
Finance,4.3
Information Technology,3.8
Information Technology,3.3
Information Technology,4.8
Information Technology,3.2
Insurance,3.6
Information Technology,3.7
Information Technology,3.9
Information Technology,4.8
Information Technology,3.9
Information Technology,3.8
Telecommunications,4.1
Business Services,4.9
Telecommunications,3.5
Information Technology,3.5
Finance,3.1
Business Services,3.2
Insurance,3.6
Information Technology,4.1
Finance,3.1
Information Technology,3.6
Health Care,4.0
Insurance,3.1
Finance,3.4
Information Technology,3.7
Finance,3.2
Finance,3.6
Insurance,3.6
Information Technology,3.9
Business Services,3.5
Business Services,3.6
Business Services,2.9
Finance,3.1
Finance,3.6
Information Technology,3.7
Information Technology,3.8
Information Technology,3.9
Business Services,3.5
Information Technology,3.9
Business Services,2.9
Information Technology,4.8
Business Services,3.0
Information Technology,3.2
Information Technology,3.7
Insurance,3.9
Information Technology,3.7
Business Services,4.6
Business Services,4.0
Business Services,4.9
Business Services,4.9
Health Care,3.9
Information Technology,3.9
Business Services,4.0
Information Technology,4.4
Information Technology,2.9
Information Technology,4.0
Information Technology,3.7
Health Care,3.8
Information Technology,4.0
Finance,3.6
Information Technology,3.7
Information Technology,2.9
Information Technology,3.6
Finance,3.6
Information Technology,3.8
Biotech & Pharmaceuticals,3.4
Finance,3.2
Business Services,2.9
Insurance,3.1
Insurance,3.7
Information Technology,4.0
Information Technology,4.3
Business Services,3.0
Health Care,2.9
Business Services,3.4
Business Services,3.8
Finance,2.5
Information Technology,3.9
Business Services,2.9
Insurance,3.2
Information Technology,4.3
Finance,2.9
Health Care,2.5
Information Technology,5.0
Finance,3.6
Business Services,3.5
Government,3.8
Business Services,4.5
Health Care,4.0
Insurance,3.6
Information Technology,4.2
Business Services,4.3
Information Technology,3.9
Information Technology,4.3
Information Technology,3.9
Information Technology,4.8
Information Technology,2.8
Health Care,3.9
Information Technology,3.5
Business Services,4.5
Insurance,3.4
Information Technology,4.2
Government,3.8
Biotech & Pharmaceuticals,3.2
Information Technology,5.0
Finance,3.5
Health Care,3.0
Business Services,3.4
Finance,2.9
Business Services,2.7
Information Technology,3.6
Information Technology,4.4
Information Technology,3.9
Business Services,4.1
Information Technology,3.6
Information Technology,4.5
Insurance,1.6
Finance,3.2
Information Technology,3.7
Information Technology,4.1
Information Technology,4.1
Business Services,3.2
Information Technology,3.6
Health Care,3.0
Business Services,4.1
Business Services,4.9
Information Technology,4.3
Business Services,4.0
Health Care,3.0
Government,4.2
Information Technology,3.9
Business Services,3.5
Business Services,3.5
Information Technology,5.0
Information Technology,3.9
Finance,3.1
Information Technology,4.1
Insurance,4.6
Telecommunications,3.4
Insurance,3.4
Health Care,3.6
Business Services,4.8
Information Technology,3.7
Business Services,3.6
Finance,4.1
Information Technology,4.0
Finance,3.5
Business Services,3.5
Government,3.1
Business Services,3.4
Information Technology,3.8
Business Services,4.1
Information Technology,5.0
Information Technology,5.0
Information Technology,4.0
Business Services,4.3
Business Services,3.2
Business Services,4.0
Information Technology,3.9
Information Technology,4.0
Business Services,4.1
Information Technology,3.8
Information Technology,4.2
Business Services,4.1
Insurance,4.0
Business Services,3.7
Business Services,3.6
Business Services,3.7
Information Technology,3.6
Information Technology,4.2
Health Care,2.5
Information Technology,3.7
Insurance,3.4
Insurance,3.6
Insurance,3.6
Information Technology,3.2
Information Technology,3.8
Finance,3.6
Finance,3.6
Information Technology,3.9
Insurance,3.4
Information Technology,3.9
Information Technology,3.8
Information Technology,3.2
Information Technology,3.5
Business Services,4.1
Information Technology,4.4
Information Technology,3.1
Insurance,1.0
Business Services,3.9
Business Services,3.5
Business Services,4.1
Business Services,3.8
Information Technology,4.2
Information Technology,4.2
Information Technology,4.2
Information Technology,4.4
Business Services,3.6
Government,3.2
Information Technology,4.2
Information Technology,4.2
Information Technology,3.8
Information Technology,4.2
Biotech & Pharmaceuticals,4.0
Business Services,4.2
Finance,4.6
Information Technology,5.0
Health Care,3.7
Biotech & Pharmaceuticals,2.3
Business Services,3.8
Information Technology,4.2
Information Technology,4.7
Information Technology,3.1
Information Technology,3.9
Finance,4.4
Finance,3.6
Business Services,3.2
Biotech & Pharmaceuticals,3.4
Finance,3.7
Finance,2.9
Biotech & Pharmaceuticals,3.7
Information Technology,3.4
Business Services,3.1
Insurance,3.2
Information Technology,4.7
Business Services,4.7
Information Technology,3.1
Information Technology,5.0
Business Services,4.6
Government,3.5
Information Technology,3.7
Insurance,3.3
Finance,4.0
Insurance,1.6
Business Services,3.8
Biotech & Pharmaceuticals,2.6
Biotech & Pharmaceuticals,3.9
Information Technology,3.9
Finance,3.7
Biotech & Pharmaceuticals,3.4
Biotech & Pharmaceuticals,4.0
Business Services,2.8
Biotech & Pharmaceuticals,3.9
Business Services,2.8
Business Services,3.8
Finance,3.6
Biotech & Pharmaceuticals,3.9
Finance,3.7
Finance,4.6
Business Services,3.6
Business Services,2.7
Business Services,3.8
Business Services,3.3
Health Care,3.7
Information Technology,4.7
Information Technology,3.6
Biotech & Pharmaceuticals,3.6
Finance,3.5
Business Services,4.0
Health Care,3.7
Information Technology,4.1
Information Technology,3.7
Health Care,2.4
Business Services,3.5
Business Services,3.9
Information Technology,1.0
Information Technology,3.5
Business Services,3.8
Business Services,2.7
Information Technology,5.0
Information Technology,3.5
Information Technology,3.9
Information Technology,3.7
Insurance,4.3
Health Care,4.2
Finance,4.3
Business Services,3.7
Business Services,4.0
Health Care,3.7
Information Technology,3.3
Business Services,3.5
Telecommunications,4.1
Government,3.5
Biotech & Pharmaceuticals,2.6
Information Technology,3.7
Health Care,3.6
Business Services,2.5
Information Technology,3.7
Business Services,3.8
Non-Profit,3.2
Information Technology,3.4
Government,3.6
Business Services,4.5
Finance,3.2
Information Technology,4.7
Biotech & Pharmaceuticals,3.2
Business Services,5.0
Information Technology,3.1
Information Technology,4.7
Government,3.8
Information Technology,3.4
Information Technology,3.7
Information Technology,4.0
Insurance,3.3
Information Technology,5.0
Biotech & Pharmaceuticals,3.2
Information Technology,3.8
Information Technology,3.8
Business Services,4.0
Business Services,2.8
Information Technology,4.6
Biotech & Pharmaceuticals,3.6
Biotech & Pharmaceuticals,3.6
Business Services,4.4
Information Technology,3.9
Business Services,3.8
Biotech & Pharmaceuticals,3.9
Finance,4.6
Business Services,4.0
Finance,3.6
Finance,3.2
Information Technology,3.1
Non-Profit,3.2
Biotech & Pharmaceuticals,3.2
Biotech & Pharmaceuticals,3.9
Information Technology,2.9
Finance,3.2
Biotech & Pharmaceuticals,3.6
Biotech & Pharmaceuticals,3.2
Information Technology,5.0
Government,3.1
Business Services,4.5
Information Technology,3.0
Information Technology,3.7
Business Services,4.5
Business Services,4.2
Biotech & Pharmaceuticals,3.2
Business Services,3.5
Biotech & Pharmaceuticals,3.4
Biotech & Pharmaceuticals,3.2
Biotech & Pharmaceuticals,3.2
Information Technology,4.2
Biotech & Pharmaceuticals,3.4
Business Services,3.8
Information Technology,4.5
Government,3.8
Information Technology,3.4
Biotech & Pharmaceuticals,3.2
Business Services,3.8
Insurance,3.7
Insurance,3.7
Health Care,3.6
Information Technology,3.1
Biotech & Pharmaceuticals,3.2
Business Services,2.5
Business Services,5.0
Information Technology,3.3
Business Services,3.2
Biotech & Pharmaceuticals,2.6
Biotech & Pharmaceuticals,3.4
Biotech & Pharmaceuticals,3.4
Information Technology,3.4
Health Care,3.7
Information Technology,4.3
Information Technology,3.1
Biotech & Pharmaceuticals,3.2
Health Care,3.7
Information Technology,4.7
Biotech & Pharmaceuticals,3.9
Biotech & Pharmaceuticals,2.6
Health Care,3.7
Biotech & Pharmaceuticals,3.4
Biotech & Pharmaceuticals,3.6
Business Services,4.2
Biotech & Pharmaceuticals,3.2
Biotech & Pharmaceuticals,3.2
Biotech & Pharmaceuticals,2.6
Biotech & Pharmaceuticals,3.7
Information Technology,2.7
Business Services,4.0
Biotech & Pharmaceuticals,3.9
Biotech & Pharmaceuticals,3.9
Biotech & Pharmaceuticals,3.9
Insurance,1.6
Information Technology,4.4
Finance,4.0
Finance,3.2
Biotech & Pharmaceuticals,4.0
Information Technology,4.1
Insurance,5.0
Health Care,3.7
Business Services,3.2
Biotech & Pharmaceuticals,4.0
Biotech & Pharmaceuticals,4.0
Information Technology,3.8
Information Technology,3.9
Biotech & Pharmaceuticals,3.2
Health Care,4.0
Finance,4.3
Biotech & Pharmaceuticals,3.6
Information Technology,3.7
Biotech & Pharmaceuticals,3.9
Telecommunications,4.3
Biotech & Pharmaceuticals,3.3
Biotech & Pharmaceuticals,3.4
Biotech & Pharmaceuticals,3.9
Business Services,2.7
Business Services,3.2
Information Technology,4.0
Business Services,3.8
Business Services,3.0
Biotech & Pharmaceuticals,3.2
Biotech & Pharmaceuticals,3.1
Information Technology,3.9
Information Technology,5.0
Business Services,3.6
Biotech & Pharmaceuticals,3.9
Business Services,3.6
Information Technology,3.9
Biotech & Pharmaceuticals,3.7
Biotech & Pharmaceuticals,3.9
Biotech & Pharmaceuticals,3.2
Biotech & Pharmaceuticals,3.4
Information Technology,3.9
Biotech & Pharmaceuticals,4.1
Biotech & Pharmaceuticals,3.2
Finance,3.9
Biotech & Pharmaceuticals,3.2
Business Services,3.6
Biotech & Pharmaceuticals,3.9
Biotech & Pharmaceuticals,4.0
Biotech & Pharmaceuticals,4.0
Information Technology,3.5
Biotech & Pharmaceuticals,4.0
Biotech & Pharmaceuticals,4.0
Finance,3.6
Finance,3.7
Biotech & Pharmaceuticals,3.9
Information Technology,3.4
Business Services,3.7
Biotech & Pharmaceuticals,4.0
Biotech & Pharmaceuticals,3.6
Information Technology,3.1
Biotech & Pharmaceuticals,4.0
Biotech & Pharmaceuticals,4.0
Biotech & Pharmaceuticals,3.9
Non-Profit,3.2
Finance,4.6
Biotech & Pharmaceuticals,3.9
Business Services,3.8
Business Services,3.4
Biotech & Pharmaceuticals,3.9
Biotech & Pharmaceuticals,3.4
Oil - Gas - Energy & Utilities,3.6
Business Services,3.3
Finance,3.8
Business Services,4.4
Biotech & Pharmaceuticals,3.0
Biotech & Pharmaceuticals,3.9
Finance,3.9
Biotech & Pharmaceuticals,3.1
Biotech & Pharmaceuticals,3.4
Biotech & Pharmaceuticals,3.9
Health Care,3.4
Health Care,3.2
Biotech & Pharmaceuticals,3.9
Information Technology,3.7
Biotech & Pharmaceuticals,3.4
Business Services,4.5
Business Services,4.5
Biotech & Pharmaceuticals,3.9
Biotech & Pharmaceuticals,3.4
Business Services,3.6
Insurance,1.6
Business Services,4.7
Business Services,3.6
Information Technology,4.8
Biotech & Pharmaceuticals,3.2
Biotech & Pharmaceuticals,2.6
Information Technology,4.1
Business Services,3.3
Information Technology,3.7
Health Care,3.6
Biotech & Pharmaceuticals,3.9
Biotech & Pharmaceuticals,3.9
Insurance,3.6
Insurance,3.6
Business Services,4.1
Finance,3.6
Information Technology,3.8
Information Technology,4.5
Business Services,4.1
Business Services,4.4
Information Technology,4.1
Business Services,4.1
Government,4.1
Information Technology,3.7
Government,3.6
Business Services,4.1
Telecommunications,4.9
Business Services,5.0
Finance,3.5
Information Technology,3.4
Business Services,4.1
Government,4.0
Business Services,3.4
Business Services,3.1
Insurance,3.6
Government,3.5
Information Technology,4.2
Information Technology,3.9
Insurance,3.6
Information Technology,3.9
Insurance,3.6
Business Services,3.8
Finance,4.1
Information Technology,3.9
Business Services,4.2
Insurance,3.6
Information Technology,5.0
Information Technology,5.0
Information Technology,3.6
Insurance,3.1
Business Services,3.4
Information Technology,4.5
Business Services,3.5
Business Services,3.1
Business Services,4.0
Insurance,3.6
Information Technology,4.0
Health Care,3.4
Insurance,3.9
Insurance,3.6
Information Technology,4.0
Information Technology,4.2
Business Services,3.9
Telecommunications,4.9
Insurance,3.6
Finance,3.5
Information Technology,4.3
Business Services,3.8
Insurance,3.6
Information Technology,4.5
Insurance,3.8
Business Services,3.8
Business Services,3.0
Business Services,4.1
Information Technology,2.5
Business Services,4.1
Information Technology,4.0
Information Technology,3.9
Business Services,2.5
Business Services,4.1
Insurance,3.4
Biotech & Pharmaceuticals,3.6
Health Care,3.4
Information Technology,3.3
Business Services,3.5
Finance,3.1
Information Technology,4.0
Information Technology,4.5
Information Technology,4.2
Information Technology,3.5
Insurance,3.2
Business Services,4.1
Government,3.8
Information Technology,4.7
Insurance,3.5
Insurance,3.6
Business Services,4.1
Health Care,3.5
Health Care,3.3
Health Care,3.4
Business Services,4.1
Business Services,3.7
Health Care,3.4
Business Services,3.0
Business Services,4.1
Business Services,3.3
Information Technology,4.0
Business Services,4.1
Health Care,3.4
Information Technology,3.9
Government,4.2
Business Services,4.1
Information Technology,2.8
Government,3.5
Business Services,3.0
Government,3.4
Government,3.6
Business Services,3.6
Information Technology,3.3
Business Services,3.8
Business Services,4.0
Information Technology,4.2
Business Services,4.1
Business Services,4.1
Information Technology,3.1
Business Services,3.8
Biotech & Pharmaceuticals,3.5
Government,3.8
Business Services,4.1
Government,4.2
Government,4.0
Business Services,3.3
Business Services,4.1
Government,4.0
Information Technology,3.9
Information Technology,3.4
Government,4.2
Business Services,4.1
Business Services,3.7
Business Services,4.1
Finance,3.0
Information Technology,3.5
Business Services,3.5
Business Services,4.1
Government,3.5
Business Services,3.5
Insurance,3.4
Business Services,3.0
Information Technology,3.5
Business Services,4.1
Health Care,3.7
Business Services,4.1
Health Care,3.7
Business Services,4.0
Government,4.2
Finance,4.0
Information Technology,3.3
Biotech & Pharmaceuticals,2.2
Information Technology,3.5
Insurance,3.6
Information Technology,4.1
Biotech & Pharmaceuticals,3.9
Finance,3.4
Biotech & Pharmaceuticals,4.1
Biotech & Pharmaceuticals,2.4
Health Care,3.3
Biotech & Pharmaceuticals,2.3
Information Technology,3.8
Business Services,4.1
Business Services,4.7
Biotech & Pharmaceuticals,3.2
Biotech & Pharmaceuticals,2.8
Biotech & Pharmaceuticals,3.5
Health Care,3.6
Biotech & Pharmaceuticals,3.0
Government,3.5
Information Technology,4.5
Information Technology,4.2
Oil - Gas - Energy & Utilities,2.8
Information Technology,4.5
Biotech & Pharmaceuticals,3.9
Business Services,3.8
Biotech & Pharmaceuticals,3.7
Biotech & Pharmaceuticals,3.3
Business Services,3.3
Information Technology,3.9
Business Services,3.0
Biotech & Pharmaceuticals,4.1
Biotech & Pharmaceuticals,4.1
Biotech & Pharmaceuticals,4.2
Insurance,3.3
Business Services,3.1
Information Technology,4.1
Oil - Gas - Energy & Utilities,3.6
Biotech & Pharmaceuticals,2.8
Health Care,3.6
Business Services,4.3
Biotech & Pharmaceuticals,4.2
Non-Profit,4.2
Information Technology,3.9
Insurance,3.3
Business Services,4.3
Information Technology,4.1
Information Technology,3.9
Health Care,3.6
Finance,3.2
Biotech & Pharmaceuticals,4.3
Business Services,4.0
Biotech & Pharmaceuticals,2.3
Government,3.6
Information Technology,5.0
Business Services,4.0
Information Technology,3.4
Biotech & Pharmaceuticals,3.7
Information Technology,3.9
Biotech & Pharmaceuticals,3.9
Biotech & Pharmaceuticals,3.0
Business Services,3.9
Biotech & Pharmaceuticals,2.6
Biotech & Pharmaceuticals,3.7
Business Services,3.9
Information Technology,3.7
Information Technology,4.0
Biotech & Pharmaceuticals,3.9
Biotech & Pharmaceuticals,4.9
Health Care,1.0
Insurance,4.0
Biotech & Pharmaceuticals,4.1
Business Services,4.4
Information Technology,4.1
Business Services,3.4
Biotech & Pharmaceuticals,4.9
Biotech & Pharmaceuticals,3.7
Biotech & Pharmaceuticals,1.5
Information Technology,3.3
Biotech & Pharmaceuticals,3.5
Biotech & Pharmaceuticals,4.9
Information Technology,4.0
Biotech & Pharmaceuticals,5.0
Oil - Gas - Energy & Utilities,3.4
Information Technology,4.1
Biotech & Pharmaceuticals,4.0
Information Technology,3.6
Business Services,3.8
Biotech & Pharmaceuticals,3.7
Biotech & Pharmaceuticals,4.9
Information Technology,4.6
Business Services,4.0
Biotech & Pharmaceuticals,3.2
Biotech & Pharmaceuticals,3.5
Health Care,4.0
Biotech & Pharmaceuticals,3.7
Information Technology,5.0
Business Services,4.8
Health Care,3.6
Business Services,3.8
Business Services,3.4
Government,3.8
Business Services,4.5
Information Technology,3.3
Biotech & Pharmaceuticals,3.7
Information Technology,4.1
Information Technology,3.7
Business Services,3.4
Information Technology,3.1
Biotech & Pharmaceuticals,3.0
Biotech & Pharmaceuticals,4.9
Insurance,4.3
Biotech & Pharmaceuticals,3.2
Biotech & Pharmaceuticals,3.8
Information Technology,4.2
Government,3.2
Information Technology,3.6
Information Technology,4.0
Information Technology,3.7
Government,4.8
Biotech & Pharmaceuticals,3.8
Government,2.9
Information Technology,4.1
Finance,3.4
Health Care,3.6
Biotech & Pharmaceuticals,4.9
Biotech & Pharmaceuticals,3.1
Information Technology,3.8
Biotech & Pharmaceuticals,3.8
Information Technology,4.3
Information Technology,4.6
Oil - Gas - Energy & Utilities,3.2
Business Services,4.9
Biotech & Pharmaceuticals,4.3
Insurance,4.3
Information Technology,3.8
Biotech & Pharmaceuticals,3.8
Information Technology,3.4
Business Services,3.4
Telecommunications,3.8
Biotech & Pharmaceuticals,3.2
Biotech & Pharmaceuticals,4.3
Information Technology,4.0
Business Services,4.1
Information Technology,3.7
Biotech & Pharmaceuticals,2.9
Finance,3.4
Biotech & Pharmaceuticals,3.5
Biotech & Pharmaceuticals,3.3
Health Care,2.9
Biotech & Pharmaceuticals,3.5
Information Technology,3.8
Health Care,3.6
Biotech & Pharmaceuticals,4.3
Information Technology,4.6
Information Technology,2.9
Business Services,4.5
Biotech & Pharmaceuticals,2.6
Biotech & Pharmaceuticals,4.9
Biotech & Pharmaceuticals,4.9
Information Technology,3.8
Government,4.2
Business Services,3.4
Business Services,3.1
Business Services,3.7
Information Technology,5.0
Biotech & Pharmaceuticals,4.9
Information Technology,4.1
Biotech & Pharmaceuticals,4.1
Information Technology,4.2
Biotech & Pharmaceuticals,4.3
Biotech & Pharmaceuticals,4.1
Information Technology,4.1
Biotech & Pharmaceuticals,3.5
Biotech & Pharmaceuticals,5.0
Biotech & Pharmaceuticals,3.7
Biotech & Pharmaceuticals,4.3
Biotech & Pharmaceuticals,4.1
Finance,3.4
Biotech & Pharmaceuticals,4.0
Biotech & Pharmaceuticals,3.3
Biotech & Pharmaceuticals,4.9
Biotech & Pharmaceuticals,3.8
Biotech & Pharmaceuticals,3.3
Biotech & Pharmaceuticals,4.9
Biotech & Pharmaceuticals,2.9
Biotech & Pharmaceuticals,5.0
Biotech & Pharmaceuticals,3.8
Biotech & Pharmaceuticals,4.2
Biotech & Pharmaceuticals,3.7
Health Care,3.6
Biotech & Pharmaceuticals,4.1
Biotech & Pharmaceuticals,4.1
Biotech & Pharmaceuticals,2.9
Biotech & Pharmaceuticals,3.7
Business Services,3.5
Biotech & Pharmaceuticals,4.1
Biotech & Pharmaceuticals,4.1
Health Care,3.7
Business Services,3.7
Biotech & Pharmaceuticals,3.4
Biotech & Pharmaceuticals,4.3
Biotech & Pharmaceuticals,4.1
Biotech & Pharmaceuticals,4.1
Government,3.8
Business Services,3.0
Biotech & Pharmaceuticals,3.2
Biotech & Pharmaceuticals,4.1
Biotech & Pharmaceuticals,4.1
Biotech & Pharmaceuticals,4.0
Biotech & Pharmaceuticals,4.1
Biotech & Pharmaceuticals,2.4
Health Care,3.4
Biotech & Pharmaceuticals,4.1
Insurance,3.6
Health Care,4.0
Biotech & Pharmaceuticals,3.3
Business Services,2.5
Biotech & Pharmaceuticals,2.4
Biotech & Pharmaceuticals,4.1
Information Technology,3.7
Biotech & Pharmaceuticals,4.0
Biotech & Pharmaceuticals,3.2
Biotech & Pharmaceuticals,4.2
Information Technology,3.5
Business Services,3.4
Biotech & Pharmaceuticals,2.4
Biotech & Pharmaceuticals,3.5
Business Services,2.8
Oil - Gas - Energy & Utilities,3.4
Biotech & Pharmaceuticals,4.1
Biotech & Pharmaceuticals,4.1
Insurance,4.2
Biotech & Pharmaceuticals,3.1
Biotech & Pharmaceuticals,3.1
Biotech & Pharmaceuticals,4.1
Information Technology,4.0
Information Technology,3.6
Information Technology,4.3
Information Technology,5.0
Information Technology,4.0
Insurance,3.3
Information Technology,4.6
Information Technology,4.3
Business Services,5.0
Information Technology,3.9
Business Services,3.5
Information Technology,4.2
Business Services,3.9
Information Technology,4.0
Information Technology,4.0
Information Technology,3.1
Business Services,4.6
Information Technology,4.9
Business Services,3.1
Finance,2.5
Business Services,4.2
Health Care,3.6
Finance,4.0
Information Technology,3.4
Finance,3.9
Information Technology,4.4
Health Care,3.8
Finance,2.2
Finance,3.6
Finance,4.0
Insurance,3.6
Business Services,2.5
Information Technology,4.2
Information Technology,4.3
Business Services,3.5
Information Technology,3.7
Information Technology,4.5
Finance,3.9
Finance,3.1
Information Technology,4.8
Information Technology,1.0
Business Services,4.3
Finance,3.4
Business Services,3.9
Health Care,4.0
Information Technology,3.6
Government,3.5
Insurance,3.6
Information Technology,4.1
Information Technology,4.7
Insurance,3.5
Finance,3.9
Biotech & Pharmaceuticals,3.1
Business Services,2.8
Oil - Gas - Energy & Utilities,3.6
Telecommunications,4.1
Business Services,4.6
Finance,3.0
Information Technology,3.3
Telecommunications,4.1
Business Services,2.8
Finance,2.9
Information Technology,3.3
Business Services,2.7
Finance,4.1
Information Technology,3.8
Finance,4.6
Business Services,4.1
Information Technology,5.0
Business Services,3.0
Health Care,3.8
Information Technology,3.7
Information Technology,3.9
Telecommunications,2.4
Business Services,4.6
Insurance,3.3
Information Technology,3.7
Information Technology,4.4
Business Services,3.4
Finance,3.3
Insurance,3.4
Insurance,3.4
Information Technology,5.0
Insurance,3.6
Information Technology,3.7
Finance,3.9
Information Technology,4.6
Biotech & Pharmaceuticals,2.5
Finance,4.0
Finance,3.9
Finance,3.7
Information Technology,4.4
Business Services,3.8
Information Technology,3.7
Health Care,3.6
Health Care,4.0
Finance,1.9
Finance,3.3
Finance,1.7
Business Services,4.3
Information Technology,4.3
Information Technology,4.5
Telecommunications,4.1
Finance,2.9
Business Services,4.6
Government,4.1
Information Technology,3.7
Business Services,3.3
Business Services,3.6
Business Services,2.8
Information Technology,4.1
Finance,2.8
Information Technology,5.0
Finance,3.7
Information Technology,4.4
Insurance,3.6
Insurance,3.3
Information Technology,3.9
Business Services,4.6
Insurance,3.6
Finance,3.9
Information Technology,4.3
Information Technology,4.1
Telecommunications,2.4
Finance,2.8
Information Technology,3.6
Information Technology,3.4
Business Services,4.6
Business Services,3.7
Business Services,4.1
Information Technology,4.2
Finance,3.0
Information Technology,4.3
Information Technology,5.0
Business Services,3.3
Information Technology,3.4
Government,4.1
Information Technology,3.9
Information Technology,4.2
Information Technology,3.4
Finance,3.6
Information Technology,3.7
Insurance,3.4
Telecommunications,2.4
Health Care,4.3
Business Services,3.7
Business Services,4.1
Business Services,3.4
Information Technology,4.4
Business Services,3.4
Information Technology,4.1
Biotech & Pharmaceuticals,3.8
Information Technology,4.3
Business Services,5.0
Information Technology,3.3
Finance,4.0
Business Services,3.3
Business Services,4.6
Information Technology,3.4
Finance,3.4
Information Technology,4.0
Information Technology,2.9
Information Technology,3.4
Information Technology,4.5
Information Technology,4.5
Business Services,3.0
Information Technology,4.0
Information Technology,4.1
Information Technology,3.6
Finance,3.1
Finance,3.5
Finance,3.9
Information Technology,4.1
Business Services,4.5
Information Technology,3.9
Information Technology,3.9
Information Technology,3.9
Health Care,4.0
Information Technology,4.4
Finance,4.1
Business Services,3.8
Business Services,4.2
Business Services,4.6
Business Services,4.0
Information Technology,3.8
Oil - Gas - Energy & Utilities,2.8
Finance,3.7
Finance,3.4
Finance,4.0
Finance,4.0
Finance,3.3
Business Services,4.1
Biotech & Pharmaceuticals,3.6
Business Services,3.4
Information Technology,3.7
Information Technology,1.9
Information Technology,3.4
Information Technology,3.0
Business Services,3.2
Finance,4.0
Finance,4.0
Insurance,4.2
Information Technology,3.9
Information Technology,2.6
Business Services,4.4
Government,3.5
Business Services,3.5
Finance,2.5
Business Services,3.3
Business Services,3.8
Information Technology,4.4
Business Services,4.6
Information Technology,2.6
Information Technology,4.3
Business Services,3.3
Finance,3.7
Business Services,2.9
Information Technology,3.8
Information Technology,3.7
Business Services,3.5
Information Technology,5.0
Business Services,2.9
Finance,2.5
Business Services,2.5
Information Technology,2.6
Business Services,3.8
Information Technology,3.8
Information Technology,3.8
Business Services,3.7
Health Care,3.0
Finance,3.3
Business Services,4.6
Insurance,3.9
Information Technology,2.8
Business Services,4.1
Business Services,3.6
Business Services,3.9
Information Technology,3.4
Finance,3.7
Information Technology,3.1
Information Technology,3.7
Information Technology,4.0
Information Technology,3.6
Business Services,3.7
Business Services,4.1
Finance,3.7
Information Technology,3.7
Business Services,3.6
Finance,3.7
Finance,3.5
Information Technology,2.8
Health Care,5.0
Information Technology,3.4
Business Services,4.3
Finance,3.6
Information Technology,3.5
Information Technology,3.9
Information Technology,5.0
Business Services,3.6
Information Technology,4.4
Information Technology,5.0
Information Technology,4.2
Information Technology,4.4
Information Technology,3.3
Finance,3.9
Business Services,4.1
Finance,3.9
Business Services,3.9
Finance,3.5
Information Technology,3.0
Finance,3.7
Insurance,3.6
Finance,3.9
Business Services,3.2
Business Services,3.0
Information Technology,3.0
Insurance,3.4
Information Technology,3.9
Information Technology,4.4
Business Services,2.5
Telecommunications,3.8
Information Technology,4.1
Finance,3.3
Information Technology,4.1
Telecommunications,3.8
Finance,3.3
Information Technology,4.7
Biotech & Pharmaceuticals,3.2
Information Technology,4.3
Business Services,3.8
Information Technology,2.8
Information Technology,4.5
Biotech & Pharmaceuticals,3.5
Information Technology,4.2
Information Technology,4.3
Information Technology,4.2
Information Technology,3.6
Information Technology,4.1
Information Technology,3.6
Information Technology,3.9
Information Technology,4.5
Information Technology,3.6
Insurance,4.5
Information Technology,3.9
Business Services,3.8
Business Services,4.3
Information Technology,4.1
Information Technology,3.1
Information Technology,4.1
Information Technology,4.3
Information Technology,4.6
Information Technology,4.1
Information Technology,2.3
Information Technology,4.8
Information Technology,3.8
Government,4.7
Biotech & Pharmaceuticals,2.6
Information Technology,4.0
Information Technology,4.5
Information Technology,4.3
Information Technology,4.8
Information Technology,5.0
Health Care,3.4
Information Technology,4.8
Biotech & Pharmaceuticals,3.6
Biotech & Pharmaceuticals,3.8
Information Technology,4.2
Information Technology,4.1
Business Services,4.2
Information Technology,4.5
Information Technology,4.1
Information Technology,4.9
Information Technology,4.1
Information Technology,3.6
Information Technology,4.5
Business Services,4.2
Information Technology,4.4
Information Technology,3.8
Biotech & Pharmaceuticals,4.0
Business Services,3.5
Information Technology,4.8
Health Care,4.6
Information Technology,3.8
Business Services,5.0
Information Technology,4.5
Business Services,4.1
Information Technology,4.1
Business Services,4.7
Information Technology,3.4
Health Care,3.6
Information Technology,4.5
Information Technology,4.1
Government,4.7
Government,3.5
Biotech & Pharmaceuticals,4.0
Business Services,5.0
Information Technology,4.2
Information Technology,4.8
Information Technology,4.1
Business Services,3.0
Information Technology,4.5
Information Technology,3.9
Information Technology,3.4
Information Technology,3.6
Information Technology,3.6
Information Technology,4.4
Information Technology,3.5
Information Technology,4.1
Information Technology,3.9
Information Technology,3.8
Information Technology,3.4
Business Services,3.4
Information Technology,3.2
Information Technology,4.4
Information Technology,4.1
Information Technology,3.5
Biotech & Pharmaceuticals,2.3
Finance,3.4
Information Technology,3.9
Information Technology,4.3
Business Services,4.2
Information Technology,4.1
Information Technology,4.8
Information Technology,4.5
Biotech & Pharmaceuticals,3.5
Information Technology,3.7
Finance,3.3
Information Technology,4.1
Information Technology,3.8
Information Technology,3.7
Information Technology,3.4
Information Technology,4.3
Information Technology,4.0
Business Services,4.7
Health Care,3.7
Information Technology,3.9
Information Technology,5.0
Information Technology,4.6
Information Technology,3.8
Information Technology,3.7
Finance,3.4
Information Technology,3.9
Information Technology,4.4
Information Technology,4.1
Information Technology,4.3
Information Technology,4.0
Information Technology,4.5
Business Services,3.6
Information Technology,4.2
Information Technology,4.5
Information Technology,4.1
Information Technology,4.5
Information Technology,3.9
Information Technology,3.4
Business Services,3.6
Information Technology,3.1
Information Technology,4.4
Information Technology,4.5
Information Technology,4.1
Business Services,3.9
Information Technology,4.4
Information Technology,4.4
Biotech & Pharmaceuticals,4.1
Information Technology,4.1
Finance,3.4
Finance,3.8
Information Technology,3.8
Information Technology,4.1
Information Technology,4.5
Insurance,3.8
Health Care,4.6
Information Technology,4.1
Business Services,3.5
Information Technology,4.5
Information Technology,4.3
Information Technology,3.9
Business Services,3.7
Information Technology,4.5
Information Technology,4.1
Information Technology,3.4
Information Technology,4.1
Business Services,4.7
Information Technology,3.1
Information Technology,4.6
Information Technology,4.1
Information Technology,3.3
Business Services,4.2
Information Technology,3.5
Biotech & Pharmaceuticals,4.1
Information Technology,4.1
Business Services,3.4
Insurance,3.3
Biotech & Pharmaceuticals,4.3
Health Care,4.0
Information Technology,4.1
Information Technology,3.8
Information Technology,4.1
Information Technology,3.1
Business Services,3.9
Business Services,3.8
Information Technology,4.4
Information Technology,4.1
Biotech & Pharmaceuticals,4.0
Business Services,4.4
Information Technology,5.0
Information Technology,4.1
Information Technology,4.1
Telecommunications,3.6
Business Services,3.8
Information Technology,4.4
Information Technology,4.1
Information Technology,3.5
Information Technology,3.9
Finance,4.1
Information Technology,4.1
Information Technology,4.5
Information Technology,3.9
Information Technology,4.0
Information Technology,3.5
Information Technology,4.5
Information Technology,3.9
Information Technology,3.9
Information Technology,5.0
Information Technology,3.7
Information Technology,3.5
Biotech & Pharmaceuticals,3.5
Information Technology,4.1
Information Technology,3.7
Business Services,4.5
Information Technology,4.5
Information Technology,4.8
Information Technology,4.4
Biotech & Pharmaceuticals,2.3
Information Technology,2.7
Information Technology,3.5
Information Technology,3.9
Biotech & Pharmaceuticals,4.1
Health Care,4.6
Information Technology,2.7
Information Technology,4.5
Information Technology,4.0
Information Technology,3.9
Information Technology,4.2
Biotech & Pharmaceuticals,3.5
Information Technology,5.0
Information Technology,4.6
Information Technology,4.0
Information Technology,3.8
Information Technology,4.1
Information Technology,4.5
Business Services,4.6
Business Services,3.6
Finance,4.4
Information Technology,4.5
Information Technology,3.7
Information Technology,4.5
Information Technology,4.1
Information Technology,4.4
Business Services,3.6
Finance,4.0
Information Technology,4.5
Information Technology,3.1
Business Services,3.2
Information Technology,3.7
Government,3.5
Business Services,4.0
Information Technology,3.4
Information Technology,5.0
Information Technology,4.1
Information Technology,4.1
Information Technology,4.1
Information Technology,4.5
Information Technology,2.9
Information Technology,4.2
Information Technology,4.1
Information Technology,4.1
Finance,3.3
Business Services,3.6
Information Technology,4.5
Information Technology,4.1
Business Services,3.5
Biotech & Pharmaceuticals,3.0
Information Technology,3.7
Information Technology,4.1
Information Technology,5.0
Government,3.8
Information Technology,4.1
Biotech & Pharmaceuticals,3.8
Information Technology,4.8
Information Technology,4.1
Information Technology,5.0
Information Technology,4.8
Information Technology,3.3
Information Technology,3.9
Information Technology,3.7
Information Technology,4.1
Information Technology,4.5
Information Technology,4.2
Information Technology,4.1
Business Services,3.8
Business Services,3.6
Information Technology,4.0
Information Technology,4.2
Information Technology,3.9
Insurance,3.6
Insurance,3.8
Information Technology,4.5
Information Technology,4.1
Business Services,3.9
Information Technology,4.6
Finance,4.7
Information Technology,3.9
Information Technology,3.9
Information Technology,3.9
Information Technology,3.7
Information Technology,4.1
Health Care,4.6
Insurance,3.3
Information Technology,3.9
Biotech & Pharmaceuticals,3.2
Business Services,3.5
Information Technology,4.1
Information Technology,4.1
Health Care,4.1
Information Technology,4.2
Information Technology,3.1
Information Technology,5.0
Finance,3.9
Business Services,3.7
Information Technology,4.5
Information Technology,4.4
Insurance,3.9
Information Technology,4.1
Information Technology,3.6
Finance,3.7
Information Technology,3.9
Insurance,3.3
Information Technology,4.2
Information Technology,4.1
Government,3.5
Information Technology,4.5
Information Technology,4.3
Information Technology,4.5
Government,2.8
Information Technology,3.1
Information Technology,3.7
Information Technology,2.2
Information Technology,4.1
Government,3.1
Health Care,3.3
Information Technology,3.6
Information Technology,3.9
Information Technology,4.1
Information Technology,3.6
Information Technology,5.0
Information Technology,4.1
Information Technology,3.5
Information Technology,4.1
Information Technology,3.7
Information Technology,3.8
Government,2.8
Information Technology,2.6
Business Services,3.1
Information Technology,4.0
Business Services,4.4
Finance,3.9
Government,3.8
Oil - Gas - Energy & Utilities,4.2
Information Technology,4.1
Business Services,4.6
Information Technology,3.8
Business Services,4.2
Information Technology,4.1
Health Care,3.5
Information Technology,4.1
Information Technology,4.1
Information Technology,3.7
Information Technology,3.6
Finance,4.7
Information Technology,4.1
Business Services,2.7
Government,2.8
Insurance,3.3
Health Care,3.2
Information Technology,3.7
Information Technology,3.7
Finance,4.1
Information Technology,4.1
Information Technology,4.5
Information Technology,4.3
Health Care,3.6
Information Technology,4.3
Information Technology,3.7
Business Services,4.9
Information Technology,4.1
Information Technology,5.0
Information Technology,3.6
Business Services,3.8
Business Services,4.5
Information Technology,4.7
Government,3.9
Government,3.8
Finance,3.4
Oil - Gas - Energy & Utilities,2.6
Information Technology,2.9
Information Technology,4.1
Business Services,3.5
Information Technology,3.5
Telecommunications,2.9
Information Technology,4.1
Information Technology,3.5
Information Technology,3.2
Information Technology,4.2
Information Technology,4.3
Insurance,3.9
Information Technology,3.2
Information Technology,3.9
Information Technology,3.7
Information Technology,4.1
Health Care,3.3
Information Technology,3.7
Information Technology,2.9
Information Technology,3.9
Information Technology,4.1
Information Technology,3.7
Information Technology,3.9
Information Technology,3.7
Insurance,3.9
Information Technology,3.7
Information Technology,4.1
Information Technology,4.4
Business Services,2.5
Business Services,3.5
Information Technology,4.1
Information Technology,3.7
Health Care,4.0
Insurance,3.7
Information Technology,4.5
Information Technology,5.0
Information Technology,4.9
Finance,4.1
Insurance,4.7
Business Services,4.2
Information Technology,4.3
Information Technology,3.9
Business Services,4.2
Business Services,4.0
Business Services,3.6
Insurance,3.7
Information Technology,4.1
Insurance,3.9
Information Technology,2.8
Information Technology,3.3
Health Care,3.3
Information Technology,3.8
Finance,4.8
Insurance,3.3
Business Services,5.0
Information Technology,3.7
Finance,3.8
Government,2.8
Business Services,3.1
Insurance,3.3
Business Services,3.9
Finance,4.0
Finance,3.2
Information Technology,3.4
Information Technology,3.7
Business Services,3.6
Information Technology,2.6
Information Technology,4.2
Business Services,4.2
Information Technology,3.9
Health Care,3.3
Government,2.8
Insurance,3.1
Insurance,3.3
Insurance,3.4
Information Technology,3.9
Information Technology,3.1
Information Technology,4.4
Health Care,3.3
Information Technology,3.5
Information Technology,3.3
Information Technology,2.6
Information Technology,4.1
Information Technology,3.4
Information Technology,3.3
Information Technology,4.6
Information Technology,4.2
Health Care,3.6
Business Services,3.9
Health Care,2.6
Government,2.8
Information Technology,3.7
Business Services,4.0
Information Technology,4.7
Information Technology,3.7
Finance,5.0
Information Technology,3.8
Information Technology,5.0
Health Care,3.3
Information Technology,4.3
Government,2.8
Information Technology,4.0
Information Technology,3.7
Finance,4.1
Biotech & Pharmaceuticals,3.4
Health Care,3.3
Information Technology,3.9
Information Technology,4.2
Insurance,2.7
Government,2.8
Biotech & Pharmaceuticals,4.0
Health Care,3.9
Business Services,3.7
Biotech & Pharmaceuticals,3.4
Biotech & Pharmaceuticals,3.4
Government,2.8
Finance,3.5
Business Services,2.8
Business Services,3.3
Biotech & Pharmaceuticals,4.0
Business Services,3.8
Government,2.8
Information Technology,4.9
Business Services,4.8
Business Services,2.5
Information Technology,3.7
Government,3.5
Business Services,3.3
Information Technology,4.3
Information Technology,4.6
Government,3.7
Information Technology,3.3
Business Services,3.6
Information Technology,4.5
Information Technology,4.7
Information Technology,3.2
Health Care,3.3
Information Technology,4.4
Information Technology,4.1
Business Services,3.1
Information Technology,4.1
Information Technology,4.0
Information Technology,3.7
Information Technology,2.9
Information Technology,4.1
Information Technology,3.8
Government,4.1
Information Technology,4.2
Information Technology,4.1
Finance,3.8
Business Services,2.9
Information Technology,4.7
Information Technology,4.2
Business Services,4.5
Finance,3.8
Information Technology,3.3
Business Services,2.9
Information Technology,1.6
Information Technology,4.1
Government,3.9
Information Technology,4.5
Information Technology,3.8
Biotech & Pharmaceuticals,4.0
Government,3.4
Information Technology,3.9
Health Care,3.3
Business Services,4.1
Business Services,4.1
Information Technology,4.2
Government,2.8
Information Technology,5.0
Insurance,3.3
Government,4.7
Business Services,3.8
Insurance,3.3
Information Technology,3.9
Government,3.5
Business Services,3.0
Oil - Gas - Energy & Utilities,4.3
Business Services,4.1
Insurance,3.3
Business Services,4.6
Business Services,4.5
Information Technology,5.0
Information Technology,5.0
Business Services,4.5
Business Services,3.7
Business Services,4.1
Business Services,3.9
Business Services,3.5
Business Services,3.9
Finance,3.5
Insurance,3.1
Information Technology,4.3
Information Technology,3.8
Biotech & Pharmaceuticals,3.4
Business Services,3.4
Government,3.8
Health Care,3.7
Non-Profit,3.3
Insurance,3.7
Non-Profit,5.0
Insurance,3.3
Health Care,3.3
Government,3.8
Insurance,3.1
Health Care,3.3
Health Care,3.2
Business Services,4.3
Business Services,4.1
Business Services,3.6
Insurance,3.5
Information Technology,5.0
Health Care,3.3
Business Services,3.6
Business Services,5.0
Business Services,2.7
Insurance,3.3
Finance,5.0
Non-Profit,5.0
Finance,5.0
Business Services,3.5
Finance,3.5
Government,3.8
Business Services,5.0
Business Services,3.7
Non-Profit,3.2
Information Technology,4.2
Information Technology,5.0
Finance,3.0
Finance,3.0
Government,3.5
Insurance,3.3
Biotech & Pharmaceuticals,3.3
Business Services,5.0
Government,4.0
Information Technology,4.2
Government,3.3
Government,3.8
Finance,3.0
Information Technology,4.0
Business Services,3.5
Government,3.4
Government,2.6
Information Technology,3.7
Finance,3.0
Oil - Gas - Energy & Utilities,4.2
Information Technology,3.5
Information Technology,5.0
Business Services,3.9
Business Services,5.0
Information Technology,3.3
Finance,3.6
Insurance,3.3
Government,3.8
Information Technology,4.2
Information Technology,4.7
Information Technology,3.3
Finance,3.1
Health Care,4.0
Information Technology,4.8
Information Technology,3.4
Health Care,4.0
Business Services,2.9
Health Care,4.0
Business Services,4.7
Information Technology,3.5
Information Technology,4.8
Business Services,3.7
Business Services,3.4
Information Technology,5.0
Information Technology,2.8
Information Technology,3.9
Information Technology,3.6
Information Technology,4.1
Finance,3.6
Insurance,3.3
Information Technology,3.0
Finance,2.2
Information Technology,3.0
Business Services,3.2
Information Technology,4.2
Business Services,3.8
Information Technology,3.0
Finance,3.1
Finance,4.0
Information Technology,3.7
Finance,3.6
Information Technology,3.0
Finance,2.9
Information Technology,3.9
Finance,3.2
Information Technology,3.0
Information Technology,4.2
Finance,2.5
Finance,3.6
Business Services,3.4
Information Technology,4.2
Finance,3.8
Health Care,4.0
Finance,3.5
Information Technology,3.8
Information Technology,3.9
Information Technology,3.9
Information Technology,3.9
Health Care,3.8
Finance,3.6
Information Technology,3.5
Information Technology,4.2
Information Technology,3.8
Finance,2.2
Business Services,2.5
Finance,2.5
Finance,4.2
Finance,4.2
Finance,4.2
Finance,4.2
Business Services,3.1
Insurance,3.8
Health Care,3.9
Business Services,3.1
Information Technology,4.9
Business Services,3.1
Information Technology,3.5
Business Services,3.1
Finance,4.2
Information Technology,3.1
Information Technology,4.2
Business Services,3.1
Health Care,3.6
Finance,3.9
Oil - Gas - Energy & Utilities,3.6
Information Technology,4.8
Information Technology,4.8
Finance,3.9
Business Services,2.5
Government,3.5
Information Technology,3.7
Health Care,3.6
Business Services,3.1
Business Services,4.2
Business Services,3.1
Business Services,4.2
Finance,3.9
Finance,2.9
Finance,3.9
Business Services,4.2
Business Services,4.2
Information Technology,3.7
Oil - Gas - Energy & Utilities,3.6
Information Technology,5.0
Health Care,3.6
Information Technology,3.7
Insurance,3.8
Government,3.1
Business Services,4.2
Insurance,3.6
Information Technology,3.7
Health Care,3.6
Business Services,3.2
Business Services,4.6
Business Services,4.5
Information Technology,3.7
Oil - Gas - Energy & Utilities,3.6
Health Care,3.6
Insurance,4.9
Biotech & Pharmaceuticals,3.3
Information Technology,5.0
Finance,2.3
Health Care,3.7
Insurance,3.8
Business Services,3.1
Insurance,3.6
Biotech & Pharmaceuticals,3.7
Insurance,4.2
Information Technology,3.7
Health Care,3.7
Biotech & Pharmaceuticals,3.3
Insurance,4.5
Business Services,3.1
Health Care,3.6
Business Services,4.6
Finance,3.9
Business Services,5.0
Health Care,3.4
Business Services,2.9
Business Services,3.1
Business Services,3.8
Insurance,3.9
Business Services,3.5
Insurance,3.8
Insurance,3.4
Finance,3.9
Business Services,3.1
Finance,3.9
Biotech & Pharmaceuticals,3.7
Biotech & Pharmaceuticals,3.7
Biotech & Pharmaceuticals,3.7
Business Services,4.2
Business Services,4.6
Biotech & Pharmaceuticals,3.3
Health Care,3.7
Oil - Gas - Energy & Utilities,3.6
Government,3.9
Health Care,3.7
Oil - Gas - Energy & Utilities,3.6
Business Services,4.6
Biotech & Pharmaceuticals,3.3
Business Services,2.5
Health Care,3.7
Information Technology,5.0
Health Care,3.7
Business Services,4.1
Health Care,3.7
Health Care,3.7
Health Care,3.7
Finance,3.9
Health Care,3.7
Health Care,3.7
Information Technology,4.0
Business Services,2.5
Health Care,3.7
Business Services,3.9
Health Care,3.7
Health Care,3.7
Health Care,3.7
Health Care,3.7
Information Technology,4.5
Business Services,4.6
Finance,3.5
Finance,3.9
Information Technology,4.5
Insurance,5.0
Business Services,4.5
Health Care,3.7
Information Technology,4.5
Information Technology,3.0
Business Services,4.1
Information Technology,4.0
Information Technology,4.2
Finance,3.9
Finance,3.9
Biotech & Pharmaceuticals,3.7
Information Technology,4.5
Biotech & Pharmaceuticals,3.7
Finance,3.9
Business Services,4.5
Business Services,3.4
Information Technology,4.6
Information Technology,4.2
Information Technology,3.9
Information Technology,4.4
Information Technology,5.0
Business Services,3.8
Biotech & Pharmaceuticals,3.7
