New Jersey,$111K-$181K
New York,$111K-$181K
United Kingdom,$111K-$181K
New York,$111K-$181K
California,$111K-$181K
Illinois,$111K-$181K
Florida,$111K-$181K
Illinois,$120K-$140K
New Jersey,$119K-$147K
California,$74K-$124K
New Jersey,$74K-$124K
United Kingdom,$74K-$124K
United Kingdom,$102K-$121K
United Kingdom,$102K-$121K
Illinois,$102K-$121K
New Jersey,$102K-$121K
New Jersey,$102K-$121K
New York,$129K-$210K
New Jersey,$156K-$254K
California,$156K-$254K
Ohio,$119K-$147K
United Kingdom,$119K-$147K
New Jersey,$119K-$147K
California,$119K-$147K
New York,$116K-$152K
New York,$116K-$152K
United Kingdom,$116K-$152K
New York,$116K-$152K
California,$116K-$152K
California,$133K-$171K
Illinois,$133K-$171K
United Kingdom,$133K-$171K
New York,$110K-$139K
New Jersey,$110K-$139K
New York,$82K-$141K
Texas,$82K-$141K
California,$82K-$141K
New Jersey,$96K-$119K
California,$96K-$119K
New York,$96K-$119K
New Jersey,$96K-$119K
Arizona,$96K-$119K
New Jersey,$96K-$119K
New York,$96K-$119K
New York,$96K-$119K
New Jersey,$96K-$119K
United Kingdom,$146K-$175K
Ohio,$146K-$175K
Pennsylvania,$146K-$175K
California,$102K-$164K
California,$102K-$164K
California,$102K-$164K
California,$102K-$164K
California,$102K-$164K
California,$102K-$164K
California,$113K-$180K
California,$113K-$180K
California,$113K-$180K
California,$113K-$180K
California,$113K-$180K
California,$113K-$180K
California,$113K-$180K
California,$113K-$180K
California,$113K-$180K
California,$113K-$180K
California,$113K-$180K
New York,$113K-$180K
United Kingdom,$113K-$180K
California,$113K-$180K
California,$113K-$180K
California,$113K-$180K
California,$113K-$180K
Illinois,$113K-$180K
California,$76K-$122K
California,$76K-$122K
California,$76K-$122K
New Jersey,$76K-$122K
California,$76K-$122K
California,$76K-$122K
California,$76K-$122K
Pennsylvania,$76K-$122K
California,$76K-$122K
New Jersey,$134K-$218K
California,$134K-$218K
California,$134K-$218K
New York,$134K-$218K
Illinois,$134K-$218K
California,$134K-$218K
California,$134K-$218K
California,$134K-$218K
Illinois,$134K-$218K
New York,$134K-$218K
California,$134K-$218K
California,$76K-$125K
California,$76K-$125K
California,$76K-$125K
California,$76K-$125K
California,$76K-$125K
California,$76K-$125K
California,$76K-$125K
New York,$76K-$125K
New Jersey,$76K-$125K
New York,$132K-$208K
California,$132K-$208K
California,$132K-$208K
California,$132K-$208K
California,$132K-$208K
Texas,$132K-$208K
California,$132K-$208K
California,$132K-$208K
Illinois,$132K-$208K
Texas,$132K-$208K
California,$132K-$208K
California,$132K-$208K
New York,$132K-$208K
New Jersey,$132K-$208K
California,$83K-$105K
California,$83K-$105K
California,$83K-$105K
California,$83K-$105K
California,$83K-$105K
California,$83K-$105K
California,$83K-$105K
California,$83K-$105K
California,$83K-$105K
California,$75K-$143K
California,$75K-$143K
California,$75K-$143K
United Kingdom,$75K-$143K
California,$75K-$143K
California,$75K-$143K
California,$75K-$143K
California,$34K-$72K
California,$34K-$72K
California,$34K-$72K
California,$34K-$72K
California,$34K-$72K
California,$34K-$72K
California,$34K-$72K
California,$34K-$72K
United Kingdom,$34K-$72K
California,$37K-$75K
California,$37K-$75K
California,$37K-$75K
California,$37K-$75K
California,$37K-$75K
California,$37K-$75K
California,$37K-$75K
California,$37K-$75K
Arizona,$37K-$75K
Texas,$113K-$184K
New Jersey,$113K-$184K
Florida,$113K-$184K
Arizona,$113K-$184K
California,$113K-$184K
California,$113K-$184K
California,$113K-$184K
New York,$113K-$184K
California,$113K-$184K
California,$113K-$184K
California,$113K-$184K
California,$113K-$184K
California,$136K-$164K
California,$136K-$164K
California,$136K-$164K
California,$136K-$164K
California,$136K-$164K
Illinois,$136K-$164K
New Jersey,$136K-$164K
Ohio,$136K-$164K
California,$136K-$164K
Illinois,$46K-$80K
Illinois,$46K-$80K
Illinois,$46K-$80K
Illinois,$46K-$80K
Illinois,$46K-$80K
Illinois,$46K-$80K
Illinois,$46K-$80K
Illinois,$46K-$80K
Illinois,$46K-$80K
Illinois,$46K-$80K
Illinois,$46K-$80K
Illinois,$46K-$80K
Illinois,$46K-$80K
Illinois,$46K-$80K
Illinois,$46K-$80K
Illinois,$46K-$80K
Illinois,$46K-$80K
Illinois,$46K-$80K
Illinois,$46K-$80K
Illinois,$46K-$80K
Illinois,$46K-$80K
Illinois,$46K-$80K
Illinois,$46K-$80K
Illinois,$46K-$80K
Illinois,$46K-$80K
Illinois,$46K-$80K
Illinois,$46K-$80K
Illinois,$46K-$80K
Illinois,$46K-$80K
Illinois,$79K-$130K
Illinois,$79K-$130K
Illinois,$79K-$130K
Illinois,$79K-$130K
Illinois,$79K-$130K
Illinois,$79K-$130K
Illinois,$79K-$130K
Illinois,$79K-$130K
Illinois,$79K-$130K
Illinois,$79K-$130K
Illinois,$79K-$130K
Illinois,$79K-$130K
Illinois,$79K-$130K
Illinois,$79K-$130K
Illinois,$79K-$130K
Illinois,$79K-$130K
Illinois,$79K-$130K
Illinois,$79K-$130K
Illinois,$79K-$130K
Illinois,$79K-$130K
Illinois,$79K-$130K
Illinois,$79K-$130K
Illinois,$79K-$130K
Illinois,$79K-$130K
Illinois,$79K-$130K
Illinois,$79K-$130K
Illinois,$79K-$130K
Illinois,$79K-$130K
Illinois,$79K-$130K
Illinois,$79K-$130K
Illinois,$91K-$105K
Illinois,$91K-$105K
Illinois,$91K-$105K
Illinois,$91K-$105K
Illinois,$91K-$105K
Illinois,$91K-$105K
Illinois,$91K-$105K
Illinois,$91K-$105K
Illinois,$91K-$105K
Illinois,$91K-$105K
Illinois,$91K-$105K
Illinois,$91K-$105K
Illinois,$91K-$105K
Illinois,$91K-$105K
Illinois,$91K-$105K
Illinois,$91K-$105K
Illinois,$91K-$105K
Illinois,$91K-$105K
Illinois,$91K-$105K
Illinois,$91K-$105K
Illinois,$91K-$105K
Illinois,$91K-$105K
Illinois,$91K-$105K
New York,$91K-$105K
Illinois,$91K-$105K
Illinois,$91K-$105K
Illinois,$91K-$105K
Illinois,$91K-$105K
Illinois,$91K-$105K
Illinois,$31K-$56K
Illinois,$31K-$56K
Illinois,$31K-$56K
Illinois,$31K-$56K
Illinois,$31K-$56K
Illinois,$31K-$56K
Illinois,$31K-$56K
Illinois,$31K-$56K
Illinois,$31K-$56K
Illinois,$31K-$56K
Illinois,$31K-$56K
Illinois,$31K-$56K
Illinois,$31K-$56K
Illinois,$31K-$56K
Illinois,$31K-$56K
Illinois,$31K-$56K
Illinois,$31K-$56K
Illinois,$31K-$56K
Illinois,$31K-$56K
Illinois,$31K-$56K
California,$31K-$56K
Illinois,$31K-$56K
Illinois,$31K-$56K
Illinois,$31K-$56K
Illinois,$31K-$56K
Illinois,$31K-$56K
Illinois,$31K-$56K
Illinois,$31K-$56K
Illinois,$39K-$81K
Illinois,$39K-$81K
Illinois,$39K-$81K
Illinois,$39K-$81K
Illinois,$39K-$81K
Illinois,$39K-$81K
Illinois,$39K-$81K
Illinois,$39K-$81K
Illinois,$39K-$81K
Illinois,$39K-$81K
Illinois,$39K-$81K
Illinois,$39K-$81K
Illinois,$39K-$81K
Illinois,$39K-$81K
Illinois,$39K-$81K
Illinois,$39K-$81K
Illinois,$39K-$81K
Illinois,$39K-$81K
Illinois,$39K-$81K
Illinois,$39K-$81K
New York,$39K-$81K
Illinois,$39K-$81K
Illinois,$39K-$81K
Illinois,$39K-$81K
Illinois,$39K-$81K
Illinois,$39K-$81K
Illinois,$39K-$81K
Illinois,$39K-$81K
New Jersey,$39K-$81K
Illinois,$39K-$81K
Illinois,$99K-$174K
Illinois,$99K-$174K
Illinois,$99K-$174K
Illinois,$99K-$174K
Illinois,$99K-$174K
Illinois,$99K-$174K
New York,$99K-$174K
Illinois,$99K-$174K
Illinois,$99K-$174K
Illinois,$99K-$174K
Pennsylvania,$99K-$174K
Illinois,$99K-$174K
Illinois,$99K-$174K
Illinois,$99K-$174K
Illinois,$99K-$174K
Illinois,$99K-$174K
Illinois,$99K-$174K
Illinois,$99K-$174K
Illinois,$99K-$174K
Illinois,$99K-$174K
Illinois,$99K-$174K
New Jersey,$99K-$174K
Illinois,$99K-$174K
Illinois,$99K-$174K
Illinois,$99K-$174K
Illinois,$99K-$174K
New York,$99K-$174K
Illinois,$99K-$174K
Illinois,$99K-$174K
Illinois,$99K-$174K
Illinois,$76K-$147K
Illinois,$76K-$147K
Illinois,$76K-$147K
Illinois,$76K-$147K
Illinois,$76K-$147K
New York,$76K-$147K
Illinois,$76K-$147K
Ohio,$76K-$147K
Illinois,$76K-$147K
Illinois,$76K-$147K
Illinois,$76K-$147K
Illinois,$76K-$147K
New Jersey,$76K-$147K
Illinois,$76K-$147K
Illinois,$76K-$147K
Illinois,$76K-$147K
New Jersey,$76K-$147K
Illinois,$76K-$147K
Illinois,$76K-$147K
Illinois,$76K-$147K
Illinois,$76K-$147K
Illinois,$76K-$147K
Illinois,$76K-$147K
Illinois,$76K-$147K
Illinois,$76K-$147K
Illinois,$76K-$147K
New York,$76K-$147K
Illinois,$76K-$147K
Illinois,$76K-$147K
Illinois,$76K-$147K
Illinois,$62K-$109K
Illinois,$62K-$109K
Illinois,$62K-$109K
Illinois,$62K-$109K
Illinois,$62K-$109K
Illinois,$62K-$109K
Illinois,$62K-$109K
Illinois,$62K-$109K
Illinois,$62K-$109K
Illinois,$62K-$109K
Illinois,$62K-$109K
Illinois,$62K-$109K
Illinois,$62K-$109K
Illinois,$62K-$109K
New Jersey,$62K-$109K
Illinois,$62K-$109K
Illinois,$62K-$109K
Illinois,$62K-$109K
Illinois,$62K-$109K
Illinois,$62K-$109K
Illinois,$62K-$109K
Illinois,$62K-$109K
Illinois,$62K-$109K
California,$62K-$109K
Illinois,$62K-$109K
Illinois,$62K-$109K
Illinois,$62K-$109K
Illinois,$62K-$109K
Illinois,$62K-$109K
Illinois,$70K-$123K
Illinois,$70K-$123K
Illinois,$70K-$123K
Illinois,$70K-$123K
Illinois,$70K-$123K
Illinois,$70K-$123K
Illinois,$70K-$123K
Illinois,$70K-$123K
Illinois,$70K-$123K
Illinois,$70K-$123K
Illinois,$70K-$123K
Illinois,$70K-$123K
Illinois,$70K-$123K
Illinois,$70K-$123K
Illinois,$70K-$123K
Illinois,$70K-$123K
Illinois,$40K-$73K
Illinois,$40K-$73K
Illinois,$40K-$73K
Illinois,$40K-$73K
Illinois,$40K-$73K
Illinois,$40K-$73K
Illinois,$40K-$73K
Illinois,$40K-$73K
California,$40K-$73K
Illinois,$40K-$73K
Illinois,$40K-$73K
Illinois,$40K-$73K
Illinois,$40K-$73K
Illinois,$40K-$73K
Illinois,$40K-$73K
Illinois,$40K-$73K
California,$40K-$73K
Illinois,$40K-$73K
Illinois,$38K-$59K
Illinois,$38K-$59K
Illinois,$38K-$59K
Illinois,$38K-$59K
Illinois,$38K-$59K
Illinois,$38K-$59K
Illinois,$38K-$59K
Illinois,$38K-$59K
Illinois,$38K-$59K
Illinois,$38K-$59K
Illinois,$38K-$59K
Illinois,$38K-$59K
Illinois,$38K-$59K
Illinois,$38K-$59K
Illinois,$38K-$59K
Illinois,$38K-$59K
Pennsylvania,$38K-$59K
Illinois,$38K-$59K
Illinois,$60K-$105K
Illinois,$60K-$105K
Illinois,$60K-$105K
Illinois,$60K-$105K
Illinois,$60K-$105K
Illinois,$60K-$105K
Illinois,$60K-$105K
Illinois,$60K-$105K
Illinois,$60K-$105K
Illinois,$60K-$105K
Illinois,$60K-$105K
Illinois,$60K-$105K
Illinois,$60K-$105K
Illinois,$60K-$105K
Illinois,$60K-$105K
Illinois,$60K-$105K
Illinois,$60K-$105K
Illinois,$60K-$105K
Illinois,$60K-$105K
Illinois,$60K-$105K
Illinois,$60K-$105K
Illinois,$60K-$105K
Illinois,$60K-$105K
Illinois,$60K-$105K
Illinois,$60K-$105K
Illinois,$60K-$105K
Illinois,$60K-$105K
California,$60K-$105K
Illinois,$60K-$105K
Illinois,$69K-$144K
Illinois,$69K-$144K
Illinois,$69K-$144K
Illinois,$69K-$144K
Illinois,$69K-$144K
Illinois,$69K-$144K
Illinois,$69K-$144K
Illinois,$69K-$144K
Illinois,$69K-$144K
Illinois,$69K-$144K
Illinois,$69K-$144K
New Jersey,$69K-$144K
Illinois,$69K-$144K
Illinois,$69K-$144K
Illinois,$69K-$144K
Illinois,$69K-$144K
Illinois,$69K-$144K
Illinois,$69K-$144K
Illinois,$69K-$144K
Illinois,$69K-$144K
Illinois,$69K-$144K
Illinois,$69K-$144K
Illinois,$69K-$144K
Illinois,$69K-$144K
Illinois,$69K-$144K
Illinois,$69K-$144K
Illinois,$69K-$144K
Illinois,$69K-$144K
Illinois,$69K-$144K
New York,$69K-$144K
Illinois,$47K-$82K
Illinois,$47K-$82K
Illinois,$47K-$82K
Illinois,$47K-$82K
Illinois,$47K-$82K
Illinois,$47K-$82K
Illinois,$47K-$82K
Illinois,$47K-$82K
Illinois,$47K-$82K
Texas,$90K-$175K
Texas,$90K-$175K
Texas,$90K-$175K
Texas,$90K-$175K
Texas,$90K-$175K
Texas,$90K-$175K
Texas,$90K-$175K
Texas,$90K-$175K
Texas,$90K-$175K
Texas,$90K-$175K
Texas,$90K-$175K
Texas,$90K-$175K
Texas,$90K-$175K
Texas,$90K-$175K
Texas,$90K-$175K
Texas,$90K-$175K
Texas,$90K-$175K
Texas,$90K-$175K
Texas,$90K-$175K
Texas,$90K-$175K
California,$90K-$175K
Texas,$90K-$175K
Texas,$90K-$175K
Texas,$90K-$175K
Texas,$90K-$175K
New York,$90K-$175K
Texas,$90K-$175K
Texas,$90K-$175K
Texas,$90K-$175K
California,$90K-$175K
Texas,$39K-$87K
Texas,$39K-$87K
Texas,$39K-$87K
Texas,$39K-$87K
Texas,$39K-$87K
Texas,$39K-$87K
Texas,$39K-$87K
Texas,$39K-$87K
Texas,$39K-$87K
Texas,$39K-$87K
Texas,$39K-$87K
Texas,$39K-$87K
Texas,$39K-$87K
Texas,$39K-$87K
Texas,$39K-$87K
Texas,$39K-$87K
Texas,$39K-$87K
Texas,$39K-$87K
New Jersey,$39K-$87K
Texas,$39K-$87K
Texas,$39K-$87K
Texas,$39K-$87K
New York,$39K-$87K
Texas,$39K-$87K
Texas,$39K-$87K
Texas,$39K-$87K
Texas,$39K-$87K
Texas,$39K-$87K
New York,$39K-$87K
Texas,$39K-$87K
Texas,$36K-$71K
Texas,$36K-$71K
Texas,$36K-$71K
Texas,$36K-$71K
Texas,$36K-$71K
Texas,$36K-$71K
Texas,$36K-$71K
New York,$36K-$71K
Texas,$36K-$71K
Texas,$36K-$71K
Texas,$36K-$71K
New York,$36K-$71K
Texas,$36K-$71K
California,$36K-$71K
Texas,$36K-$71K
Texas,$36K-$71K
Texas,$36K-$71K
Texas,$36K-$71K
Texas,$36K-$71K
Texas,$36K-$71K
Texas,$36K-$71K
California,$36K-$71K
Illinois,$36K-$71K
Texas,$36K-$71K
Texas,$36K-$71K
Texas,$36K-$71K
Texas,$36K-$71K
Texas,$36K-$71K
Texas,$36K-$71K
Texas,$36K-$71K
Texas,$55K-$117K
Texas,$55K-$117K
Texas,$55K-$117K
New York,$55K-$117K
Texas,$55K-$117K
Texas,$55K-$117K
Texas,$55K-$117K
California,$55K-$117K
Texas,$55K-$117K
Texas,$55K-$117K
Texas,$55K-$117K
Texas,$55K-$117K
Texas,$55K-$117K
Texas,$55K-$117K
Texas,$55K-$117K
Texas,$55K-$117K
Texas,$55K-$117K
Texas,$55K-$117K
Texas,$55K-$117K
Texas,$55K-$117K
Texas,$55K-$117K
New York,$55K-$117K
Texas,$55K-$117K
Texas,$55K-$117K
Texas,$55K-$117K
Texas,$55K-$117K
Texas,$55K-$117K
Texas,$55K-$117K
California,$55K-$117K
Texas,$55K-$117K
Texas,$114K-$144K
Texas,$114K-$144K
Texas,$114K-$144K
Texas,$114K-$144K
Texas,$114K-$144K
Texas,$114K-$144K
Texas,$114K-$144K
Texas,$114K-$144K
Texas,$114K-$144K
Texas,$114K-$144K
Texas,$114K-$144K
Texas,$114K-$144K
Texas,$114K-$144K
Texas,$114K-$144K
Texas,$114K-$144K
Texas,$114K-$144K
Texas,$114K-$144K
Texas,$114K-$144K
Texas,$114K-$144K
Texas,$114K-$144K
New Jersey,$114K-$144K
Texas,$114K-$144K
Texas,$114K-$144K
Texas,$114K-$144K
Texas,$114K-$144K
Texas,$114K-$144K
Texas,$114K-$144K
Texas,$114K-$144K
Texas,$114K-$144K
Texas,$114K-$144K
Texas,$138K-$217K
Texas,$138K-$217K
Texas,$138K-$217K
Texas,$138K-$217K
Texas,$138K-$217K
Texas,$138K-$217K
Texas,$138K-$217K
California,$138K-$217K
Texas,$138K-$217K
Texas,$138K-$217K
Texas,$138K-$217K
Texas,$138K-$217K
Texas,$138K-$217K
Texas,$138K-$217K
Texas,$138K-$217K
Texas,$138K-$217K
Texas,$138K-$217K
Texas,$138K-$217K
Texas,$138K-$217K
Texas,$138K-$217K
Texas,$138K-$217K
Texas,$138K-$217K
Illinois,$138K-$217K
Texas,$138K-$217K
New Jersey,$138K-$217K
Texas,$138K-$217K
Texas,$138K-$217K
Texas,$138K-$217K
Texas,$138K-$217K
Texas,$138K-$217K
Texas,$72K-$97K
Texas,$72K-$97K
New Jersey,$72K-$97K
Texas,$72K-$97K
Texas,$72K-$97K
Texas,$72K-$97K
Texas,$72K-$97K
Texas,$72K-$97K
Texas,$72K-$97K
Texas,$72K-$97K
Texas,$72K-$97K
Texas,$72K-$97K
Texas,$72K-$97K
Texas,$72K-$97K
Texas,$72K-$97K
Texas,$72K-$97K
Texas,$72K-$97K
Texas,$72K-$97K
Illinois,$72K-$97K
Texas,$72K-$97K
Texas,$72K-$97K
Texas,$72K-$97K
Texas,$72K-$97K
Texas,$72K-$97K
Texas,$72K-$97K
Texas,$72K-$97K
California,$72K-$97K
Texas,$72K-$97K
Texas,$72K-$97K
Texas,$72K-$97K
Texas,$73K-$136K
Texas,$73K-$136K
Texas,$73K-$136K
Texas,$73K-$136K
Texas,$73K-$136K
Texas,$73K-$136K
Texas,$73K-$136K
Texas,$73K-$136K
Texas,$73K-$136K
Texas,$73K-$136K
New Jersey,$73K-$136K
Texas,$73K-$136K
Texas,$73K-$136K
Texas,$73K-$136K
Texas,$73K-$136K
Texas,$73K-$136K
Texas,$73K-$136K
Texas,$73K-$136K
Texas,$73K-$136K
Texas,$73K-$136K
Texas,$73K-$136K
California,$73K-$136K
Texas,$73K-$136K
New Jersey,$73K-$136K
Texas,$73K-$136K
Texas,$73K-$136K
Texas,$73K-$136K
Arizona,$94K-$151K
California,$94K-$151K
Arizona,$94K-$151K
Arizona,$94K-$151K
Arizona,$94K-$151K
Arizona,$94K-$151K
Arizona,$94K-$151K
Arizona,$94K-$151K
Arizona,$94K-$151K
Arizona,$94K-$151K
California,$94K-$151K
Arizona,$94K-$151K
Arizona,$94K-$151K
Arizona,$94K-$151K
Arizona,$94K-$151K
Arizona,$94K-$151K
Arizona,$94K-$151K
Arizona,$94K-$151K
Arizona,$94K-$151K
New Jersey,$94K-$151K
Texas,$94K-$151K
Arizona,$94K-$151K
Arizona,$94K-$151K
Arizona,$94K-$151K
Arizona,$94K-$151K
Arizona,$94K-$151K
Arizona,$94K-$151K
Arizona,$94K-$151K
Arizona,$94K-$151K
Arizona,$94K-$151K
Arizona,$97K-$159K
Arizona,$97K-$159K
Arizona,$97K-$159K
New York,$97K-$159K
Arizona,$97K-$159K
Arizona,$97K-$159K
Arizona,$97K-$159K
Arizona,$97K-$159K
California,$97K-$159K
Arizona,$97K-$159K
Arizona,$97K-$159K
Arizona,$97K-$159K
Arizona,$97K-$159K
Arizona,$97K-$159K
Arizona,$97K-$159K
Arizona,$97K-$159K
Arizona,$97K-$159K
Arizona,$97K-$159K
Arizona,$97K-$159K
Arizona,$97K-$159K
Arizona,$97K-$159K
Arizona,$97K-$159K
Arizona,$97K-$159K
Arizona,$97K-$159K
Arizona,$97K-$159K
Arizona,$97K-$159K
New York,$97K-$159K
Arizona,$97K-$159K
Arizona,$97K-$159K
Arizona,$97K-$159K
New Jersey,$97K-$159K
Arizona,$97K-$159K
Arizona,$46K-$104K
Texas,$46K-$104K
Arizona,$46K-$104K
Arizona,$46K-$104K
Arizona,$46K-$104K
New York,$46K-$104K
Arizona,$46K-$104K
New Jersey,$46K-$104K
Arizona,$46K-$104K
Texas,$46K-$104K
Arizona,$46K-$104K
New Jersey,$46K-$104K
Arizona,$46K-$104K
Arizona,$46K-$104K
Arizona,$46K-$104K
California,$46K-$104K
Arizona,$46K-$104K
New York,$46K-$104K
Arizona,$46K-$104K
Arizona,$46K-$104K
California,$46K-$104K
New York,$46K-$104K
Arizona,$46K-$104K
Texas,$46K-$104K
Arizona,$46K-$104K
Arizona,$46K-$104K
Arizona,$46K-$104K
Arizona,$46K-$104K
Texas,$46K-$104K
New Jersey,$45K-$81K
Arizona,$45K-$81K
Arizona,$45K-$81K
New Jersey,$45K-$81K
Arizona,$45K-$81K
Arizona,$45K-$81K
Arizona,$45K-$81K
New York,$45K-$81K
Arizona,$45K-$81K
Arizona,$45K-$81K
Arizona,$45K-$81K
Arizona,$45K-$81K
Arizona,$45K-$81K
New Jersey,$45K-$81K
Arizona,$45K-$81K
Arizona,$45K-$81K
New Jersey,$45K-$81K
Arizona,$45K-$81K
Texas,$45K-$81K
Arizona,$45K-$81K
Arizona,$45K-$81K
Arizona,$45K-$81K
Arizona,$45K-$81K
Arizona,$45K-$81K
Arizona,$45K-$81K
Arizona,$45K-$81K
Arizona,$45K-$81K
Arizona,$45K-$81K
Arizona,$45K-$81K
Arizona,$92K-$144K
Arizona,$92K-$144K
Arizona,$92K-$144K
Texas,$92K-$144K
Arizona,$92K-$144K
Arizona,$92K-$144K
Arizona,$92K-$144K
Arizona,$92K-$144K
Arizona,$92K-$144K
Arizona,$92K-$144K
Arizona,$92K-$144K
Arizona,$92K-$144K
Arizona,$92K-$144K
Arizona,$92K-$144K
Arizona,$92K-$144K
Arizona,$92K-$144K
Arizona,$92K-$144K
Arizona,$92K-$144K
Arizona,$92K-$144K
Arizona,$92K-$144K
Arizona,$92K-$144K
New Jersey,$92K-$144K
Arizona,$92K-$144K
Arizona,$92K-$144K
Arizona,$92K-$144K
Arizona,$92K-$144K
Arizona,$92K-$144K
Arizona,$92K-$144K
Arizona,$64K-$97K
Arizona,$64K-$97K
New Jersey,$64K-$97K
Arizona,$64K-$97K
Arizona,$64K-$97K
Arizona,$64K-$97K
Arizona,$64K-$97K
Arizona,$64K-$97K
Arizona,$64K-$97K
Arizona,$64K-$97K
Arizona,$64K-$97K
Arizona,$64K-$97K
Arizona,$64K-$97K
Arizona,$64K-$97K
California,$64K-$97K
California,$64K-$97K
New Jersey,$64K-$97K
New Jersey,$64K-$97K
Arizona,$64K-$97K
California,$64K-$97K
Texas,$64K-$97K
Arizona,$64K-$97K
Arizona,$64K-$97K
Arizona,$64K-$97K
Arizona,$64K-$97K
Arizona,$64K-$97K
Arizona,$64K-$97K
New Jersey,$64K-$97K
New Jersey,$64K-$97K
Arizona,$47K-$73K
California,$47K-$73K
Arizona,$47K-$73K
Arizona,$47K-$73K
Arizona,$47K-$73K
Illinois,$47K-$73K
Arizona,$47K-$73K
Texas,$47K-$73K
Arizona,$47K-$73K
New Jersey,$47K-$73K
Arizona,$47K-$73K
Arizona,$47K-$73K
Arizona,$47K-$73K
Arizona,$47K-$73K
Arizona,$47K-$73K
Arizona,$47K-$73K
Arizona,$47K-$73K
California,$47K-$73K
Arizona,$47K-$73K
Arizona,$47K-$73K
Illinois,$47K-$73K
Arizona,$47K-$73K
Arizona,$47K-$73K
Arizona,$47K-$73K
Arizona,$47K-$73K
Arizona,$47K-$73K
Arizona,$47K-$73K
Arizona,$47K-$73K
Arizona,$47K-$73K
Arizona,$84K-$156K
Arizona,$84K-$156K
Arizona,$84K-$156K
Arizona,$84K-$156K
Arizona,$84K-$156K
Arizona,$84K-$156K
Arizona,$84K-$156K
California,$84K-$156K
Arizona,$84K-$156K
Arizona,$84K-$156K
Arizona,$84K-$156K
Arizona,$84K-$156K
Arizona,$84K-$156K
Arizona,$84K-$156K
New Jersey,$84K-$156K
Texas,$84K-$156K
New Jersey,$84K-$156K
Arizona,$84K-$156K
Arizona,$84K-$156K
Arizona,$84K-$156K
Texas,$84K-$156K
Arizona,$84K-$156K
Arizona,$84K-$156K
Arizona,$84K-$156K
Arizona,$84K-$156K
Arizona,$84K-$156K
Arizona,$84K-$156K
Arizona,$84K-$156K
New Jersey,$84K-$156K
Arizona,$97K-$111K
Arizona,$97K-$111K
Arizona,$97K-$111K
Arizona,$97K-$111K
Arizona,$97K-$111K
Arizona,$97K-$111K
Arizona,$97K-$111K
Arizona,$97K-$111K
Arizona,$97K-$111K
Arizona,$97K-$111K
California,$97K-$111K
Arizona,$97K-$111K
Arizona,$97K-$111K
Arizona,$97K-$111K
Arizona,$97K-$111K
Illinois,$97K-$111K
Arizona,$97K-$111K
Arizona,$97K-$111K
Arizona,$97K-$111K
Arizona,$97K-$111K
Arizona,$97K-$111K
Arizona,$84K-$101K
Arizona,$84K-$101K
Arizona,$84K-$101K
Arizona,$84K-$101K
New Jersey,$84K-$101K
Arizona,$84K-$101K
New Jersey,$84K-$101K
Arizona,$84K-$101K
Arizona,$84K-$101K
Arizona,$84K-$101K
Arizona,$84K-$101K
New Jersey,$84K-$101K
Arizona,$84K-$101K
Arizona,$84K-$101K
Arizona,$84K-$101K
California,$84K-$101K
Arizona,$84K-$101K
Arizona,$84K-$101K
Arizona,$84K-$101K
Arizona,$84K-$101K
Arizona,$84K-$101K
Texas,$84K-$101K
Arizona,$84K-$101K
New Jersey,$84K-$101K
Arizona,$84K-$101K
Arizona,$99K-$173K
Arizona,$99K-$173K
Arizona,$99K-$173K
Arizona,$99K-$173K
Arizona,$99K-$173K
Arizona,$99K-$173K
Delaware,$93K-$151K
California,$93K-$151K
Pennsylvania,$93K-$151K
New Jersey,$93K-$151K
Pennsylvania,$93K-$151K
Pennsylvania,$93K-$151K
Pennsylvania,$93K-$151K
Pennsylvania,$93K-$151K
Pennsylvania,$93K-$151K
Texas,$93K-$151K
Pennsylvania,$93K-$151K
New Jersey,$93K-$151K
Illinois,$93K-$151K
Pennsylvania,$93K-$151K
Pennsylvania,$93K-$151K
Pennsylvania,$93K-$151K
Pennsylvania,$93K-$151K
Pennsylvania,$93K-$151K
Pennsylvania,$93K-$151K
Pennsylvania,$93K-$151K
Delaware,$93K-$151K
New Jersey,$93K-$151K
Pennsylvania,$93K-$151K
Pennsylvania,$93K-$151K
Pennsylvania,$93K-$151K
Pennsylvania,$93K-$151K
Pennsylvania,$50K-$87K
Texas,$50K-$87K
Pennsylvania,$50K-$87K
Pennsylvania,$50K-$87K
Pennsylvania,$50K-$87K
New York,$50K-$87K
Pennsylvania,$50K-$87K
Pennsylvania,$50K-$87K
Pennsylvania,$50K-$87K
Pennsylvania,$50K-$87K
Pennsylvania,$50K-$87K
Pennsylvania,$50K-$87K
Pennsylvania,$50K-$87K
Pennsylvania,$50K-$87K
Pennsylvania,$50K-$87K
Pennsylvania,$50K-$87K
Pennsylvania,$50K-$87K
Pennsylvania,$50K-$87K
Pennsylvania,$50K-$87K
Illinois,$50K-$87K
Pennsylvania,$50K-$87K
United Kingdom,$50K-$87K
Pennsylvania,$50K-$87K
California,$50K-$87K
Pennsylvania,$50K-$87K
Pennsylvania,$50K-$87K
Pennsylvania,$50K-$87K
Pennsylvania,$71K-$117K
Pennsylvania,$71K-$117K
Pennsylvania,$71K-$117K
California,$71K-$117K
Pennsylvania,$71K-$117K
Pennsylvania,$71K-$117K
Pennsylvania,$71K-$117K
Pennsylvania,$71K-$117K
Pennsylvania,$71K-$117K
Pennsylvania,$71K-$117K
Pennsylvania,$71K-$117K
New York,$71K-$117K
Pennsylvania,$71K-$117K
Pennsylvania,$71K-$117K
Pennsylvania,$71K-$117K
Pennsylvania,$71K-$117K
Pennsylvania,$71K-$117K
Pennsylvania,$71K-$117K
Pennsylvania,$71K-$117K
Illinois,$71K-$117K
Pennsylvania,$71K-$117K
Pennsylvania,$71K-$117K
New Jersey,$71K-$117K
New York,$71K-$117K
Pennsylvania,$71K-$117K
Pennsylvania,$71K-$117K
California,$71K-$117K
New Jersey,$71K-$117K
Pennsylvania,$71K-$117K
Pennsylvania,$44K-$80K
Pennsylvania,$44K-$80K
New Jersey,$44K-$80K
Pennsylvania,$44K-$80K
Pennsylvania,$44K-$80K
Pennsylvania,$44K-$80K
New York,$44K-$80K
Pennsylvania,$44K-$80K
Illinois,$44K-$80K
Pennsylvania,$44K-$80K
New York,$44K-$80K
Pennsylvania,$44K-$80K
Pennsylvania,$44K-$80K
Pennsylvania,$44K-$80K
Texas,$44K-$80K
Pennsylvania,$44K-$80K
Pennsylvania,$44K-$80K
Pennsylvania,$44K-$80K
Pennsylvania,$44K-$80K
Pennsylvania,$44K-$80K
New Jersey,$44K-$80K
Pennsylvania,$44K-$80K
Pennsylvania,$44K-$80K
Pennsylvania,$44K-$80K
Pennsylvania,$44K-$80K
Pennsylvania,$44K-$80K
Pennsylvania,$44K-$80K
New York,$44K-$80K
Pennsylvania,$94K-$166K
Illinois,$94K-$166K
Pennsylvania,$94K-$166K
Illinois,$94K-$166K
Pennsylvania,$94K-$166K
Pennsylvania,$94K-$166K
Pennsylvania,$94K-$166K
Pennsylvania,$94K-$166K
Pennsylvania,$94K-$166K
Pennsylvania,$94K-$166K
Pennsylvania,$94K-$166K
Pennsylvania,$94K-$166K
Pennsylvania,$94K-$166K
United Kingdom,$94K-$166K
Pennsylvania,$94K-$166K
Pennsylvania,$94K-$166K
Pennsylvania,$94K-$166K
Pennsylvania,$94K-$166K
Pennsylvania,$94K-$166K
Pennsylvania,$94K-$166K
Pennsylvania,$94K-$166K
Pennsylvania,$94K-$166K
Pennsylvania,$94K-$166K
Pennsylvania,$94K-$166K
Pennsylvania,$94K-$166K
Pennsylvania,$94K-$166K
Pennsylvania,$94K-$166K
Pennsylvania,$65K-$100K
Pennsylvania,$65K-$100K
Pennsylvania,$65K-$100K
Pennsylvania,$65K-$100K
Pennsylvania,$65K-$100K
Pennsylvania,$65K-$100K
Pennsylvania,$65K-$100K
Pennsylvania,$65K-$100K
Pennsylvania,$65K-$100K
Pennsylvania,$65K-$100K
Pennsylvania,$65K-$100K
Pennsylvania,$65K-$100K
Pennsylvania,$65K-$100K
Pennsylvania,$65K-$100K
Pennsylvania,$65K-$100K
Pennsylvania,$65K-$100K
Pennsylvania,$65K-$100K
Pennsylvania,$65K-$100K
New Jersey,$65K-$100K
Pennsylvania,$65K-$100K
Pennsylvania,$65K-$100K
Pennsylvania,$65K-$100K
Pennsylvania,$65K-$100K
Pennsylvania,$65K-$100K
Pennsylvania,$65K-$100K
Pennsylvania,$65K-$100K
New Jersey,$65K-$100K
Pennsylvania,$65K-$100K
Pennsylvania,$41K-$74K
Pennsylvania,$46K-$83K
Pennsylvania,$46K-$83K
Pennsylvania,$46K-$83K
Pennsylvania,$46K-$83K
Pennsylvania,$46K-$83K
Pennsylvania,$46K-$83K
Illinois,$46K-$83K
Pennsylvania,$46K-$83K
Pennsylvania,$46K-$83K
Pennsylvania,$46K-$83K
Pennsylvania,$46K-$83K
Pennsylvania,$46K-$83K
Pennsylvania,$46K-$83K
Pennsylvania,$46K-$83K
Pennsylvania,$46K-$83K
Pennsylvania,$46K-$83K
Pennsylvania,$46K-$83K
Pennsylvania,$46K-$83K
Pennsylvania,$46K-$83K
New Jersey,$46K-$83K
United Kingdom,$46K-$83K
Pennsylvania,$46K-$83K
Pennsylvania,$46K-$83K
Pennsylvania,$46K-$83K
Pennsylvania,$46K-$83K
Pennsylvania,$46K-$83K
Pennsylvania,$46K-$83K
Pennsylvania,$46K-$83K
Pennsylvania,$46K-$83K
Pennsylvania,$46K-$83K
Pennsylvania,$45K-$106K
Pennsylvania,$45K-$106K
Pennsylvania,$45K-$106K
Pennsylvania,$45K-$106K
United Kingdom,$45K-$106K
Pennsylvania,$45K-$106K
Pennsylvania,$45K-$106K
Pennsylvania,$45K-$106K
Pennsylvania,$45K-$106K
Pennsylvania,$45K-$106K
Pennsylvania,$45K-$106K
Pennsylvania,$45K-$106K
Pennsylvania,$45K-$106K
Pennsylvania,$45K-$106K
Pennsylvania,$45K-$106K
Pennsylvania,$45K-$106K
Pennsylvania,$45K-$106K
New Jersey,$45K-$106K
Pennsylvania,$71K-$122K
Pennsylvania,$71K-$122K
Pennsylvania,$71K-$122K
California,$71K-$122K
Pennsylvania,$71K-$122K
Pennsylvania,$71K-$122K
Illinois,$71K-$122K
Pennsylvania,$71K-$122K
Pennsylvania,$71K-$122K
Pennsylvania,$71K-$122K
Pennsylvania,$71K-$122K
Pennsylvania,$71K-$122K
Pennsylvania,$71K-$122K
Pennsylvania,$71K-$122K
Pennsylvania,$71K-$122K
Delaware,$71K-$122K
Pennsylvania,$71K-$122K
New Jersey,$71K-$122K
Pennsylvania,$71K-$122K
Pennsylvania,$71K-$122K
Pennsylvania,$71K-$122K
Pennsylvania,$71K-$122K
Pennsylvania,$71K-$122K
Pennsylvania,$71K-$122K
Texas,$143K-$237K
Pennsylvania,$143K-$237K
Pennsylvania,$143K-$237K
United Kingdom,$143K-$237K
Pennsylvania,$143K-$237K
Texas,$143K-$237K
Pennsylvania,$143K-$237K
Pennsylvania,$143K-$237K
Pennsylvania,$143K-$237K
Pennsylvania,$143K-$237K
Pennsylvania,$143K-$237K
Delaware,$143K-$237K
Pennsylvania,$143K-$237K
Pennsylvania,$143K-$237K
Pennsylvania,$143K-$237K
Pennsylvania,$143K-$237K
Delaware,$143K-$237K
Delaware,$143K-$237K
United Kingdom,$143K-$237K
Pennsylvania,$70K-$154K
New Jersey,$70K-$154K
Pennsylvania,$70K-$154K
Pennsylvania,$70K-$154K
Pennsylvania,$70K-$154K
Pennsylvania,$70K-$154K
Pennsylvania,$70K-$154K
Pennsylvania,$70K-$154K
Pennsylvania,$70K-$154K
New Jersey,$70K-$154K
Pennsylvania,$70K-$154K
Pennsylvania,$70K-$154K
Pennsylvania,$70K-$154K
Pennsylvania,$68K-$89K
Pennsylvania,$68K-$89K
Pennsylvania,$68K-$89K
United Kingdom,$68K-$89K
Illinois,$68K-$89K
Texas,$68K-$89K
Pennsylvania,$68K-$89K
Texas,$68K-$89K
Pennsylvania,$68K-$89K
Pennsylvania,$68K-$89K
Delaware,$68K-$89K
Pennsylvania,$68K-$89K
New Jersey,$68K-$89K
New Jersey,$68K-$89K
New Jersey,$55K-$101K
New Jersey,$55K-$101K
Pennsylvania,$55K-$101K
Pennsylvania,$55K-$101K
Pennsylvania,$55K-$101K
New Jersey,$55K-$101K
Pennsylvania,$55K-$101K
Pennsylvania,$55K-$101K
Pennsylvania,$55K-$101K
Florida,$55K-$101K
New Jersey,$55K-$101K
Pennsylvania,$55K-$101K
Pennsylvania,$55K-$101K
Pennsylvania,$55K-$101K
Florida,$55K-$101K
Pennsylvania,$55K-$101K
Pennsylvania,$55K-$101K
California,$55K-$101K
Pennsylvania,$55K-$101K
Pennsylvania,$55K-$101K
Delaware,$55K-$101K
Pennsylvania,$55K-$101K
Pennsylvania,$55K-$101K
New Jersey,$55K-$101K
United Kingdom,$55K-$101K
New York,$98K-$152K
Arizona,$98K-$152K
Florida,$98K-$152K
Illinois,$98K-$152K
Texas,$98K-$152K
Arizona,$54K-$92K
California,$54K-$92K
Illinois,$54K-$92K
Illinois,$54K-$92K
Texas,$54K-$92K
Illinois,$54K-$92K
New Jersey,$54K-$92K
Texas,$54K-$92K
Florida,$54K-$92K
Texas,$74K-$140K
New Jersey,$74K-$140K
United Kingdom,$74K-$140K
Ohio,$74K-$140K
Texas,$74K-$140K
California,$83K-$154K
Texas,$52K-$91K
Florida,$52K-$91K
New Jersey,$43K-$76K
Texas,$43K-$76K
Texas,$43K-$76K
Florida,$43K-$76K
Ohio,$43K-$76K
Florida,$43K-$76K
Ohio,$43K-$76K
California,$114K-$146K
Illinois,$60K-$124K
Pennsylvania,$60K-$124K
California,$60K-$124K
New Jersey,$60K-$124K
California,$60K-$124K
California,$46K-$82K
Pennsylvania,$46K-$82K
Illinois,$46K-$82K
California,$46K-$82K
California,$46K-$82K
New Jersey,$46K-$82K
California,$46K-$82K
Florida,$46K-$82K
California,$46K-$82K
United Kingdom,$83K-$165K
California,$83K-$165K
California,$83K-$165K
California,$83K-$165K
Illinois,$83K-$165K
Texas,$83K-$165K
New Jersey,$71K-$122K
Pennsylvania,$39K-$69K
California,$39K-$69K
California,$39K-$69K
United Kingdom,$39K-$69K
California,$88K-$140K
Florida,$88K-$140K
New Jersey,$88K-$140K
California,$74K-$129K
Texas,$74K-$129K
Illinois,$74K-$129K
Illinois,$114K-$211K
Illinois,$114K-$211K
United Kingdom,$112K-$211K
Illinois,$62K-$127K
California,$62K-$127K
Illinois,$86K-$178K
New Jersey,$86K-$178K
California,$86K-$178K
United Kingdom,$86K-$178K
Pennsylvania,$110K-$169K
Texas,$12K-$112K
Texas,$12K-$112K
Texas,$12K-$112K
Texas,$12K-$112K
Texas,$12K-$112K
Texas,$12K-$112K
Texas,$12K-$112K
Texas,$12K-$112K
Texas,$12K-$112K
Texas,$12K-$112K
Texas,$12K-$112K
Texas,$12K-$112K
Texas,$12K-$112K
Texas,$12K-$112K
Texas,$12K-$112K
Texas,$12K-$112K
Texas,$12K-$112K
Texas,$12K-$112K
Texas,$12K-$112K
Texas,$12K-$112K
Texas,$12K-$112K
Texas,$12K-$112K
Texas,$12K-$112K
Texas,$12K-$112K
Texas,$12K-$112K
Texas,$12K-$112K
Texas,$12K-$112K
California,$12K-$112K
Texas,$12K-$112K
Texas,$12K-$111K
Texas,$12K-$111K
Texas,$12K-$111K
Texas,$12K-$111K
Texas,$12K-$111K
Texas,$12K-$111K
Texas,$12K-$111K
Texas,$12K-$111K
Texas,$12K-$111K
Texas,$12K-$111K
Texas,$12K-$111K
Texas,$12K-$111K
Texas,$12K-$111K
Texas,$12K-$111K
Texas,$12K-$111K
New York,$12K-$111K
Texas,$12K-$111K
Texas,$12K-$111K
Texas,$12K-$111K
Texas,$12K-$111K
Texas,$12K-$111K
Texas,$12K-$111K
Texas,$12K-$111K
Texas,$12K-$111K
Texas,$12K-$111K
Texas,$12K-$111K
Texas,$12K-$111K
Texas,$12K-$111K
Texas,$12K-$111K
Texas,$12K-$111K
Texas,$134K-$210K
California,$134K-$210K
Texas,$134K-$210K
New Jersey,$134K-$210K
Texas,$134K-$210K
Texas,$134K-$210K
Texas,$134K-$210K
Texas,$134K-$210K
Texas,$134K-$210K
Texas,$134K-$210K
Texas,$134K-$210K
Texas,$134K-$210K
Texas,$134K-$210K
Texas,$134K-$210K
Texas,$134K-$210K
Texas,$134K-$210K
Texas,$134K-$210K
Texas,$134K-$210K
Texas,$134K-$210K
Texas,$134K-$210K
Texas,$134K-$210K
Texas,$134K-$210K
Texas,$134K-$210K
Texas,$134K-$210K
Texas,$134K-$210K
Texas,$134K-$210K
California,$134K-$210K
California,$134K-$210K
Texas,$134K-$210K
Texas,$134K-$210K
New York,$49K-$78K
Texas,$49K-$78K
Texas,$49K-$78K
Texas,$49K-$78K
Illinois,$49K-$78K
Texas,$49K-$78K
New York,$49K-$78K
Texas,$49K-$78K
Texas,$49K-$78K
Texas,$49K-$78K
Texas,$49K-$78K
Texas,$49K-$78K
Illinois,$49K-$78K
Texas,$49K-$78K
Illinois,$49K-$78K
Texas,$49K-$78K
New York,$49K-$78K
Texas,$49K-$78K
Texas,$49K-$78K
Texas,$49K-$78K
Texas,$49K-$78K
Texas,$49K-$78K
Texas,$49K-$78K
Texas,$49K-$78K
Texas,$49K-$78K
Texas,$49K-$78K
New York,$49K-$78K
Texas,$49K-$78K
Texas,$49K-$78K
Texas,$48K-$98K
Texas,$48K-$98K
Texas,$48K-$98K
Texas,$48K-$98K
Texas,$48K-$98K
Texas,$48K-$98K
Texas,$48K-$98K
Texas,$48K-$98K
Texas,$48K-$98K
Texas,$48K-$98K
Texas,$48K-$98K
Texas,$48K-$98K
Texas,$48K-$98K
Texas,$48K-$98K
New York,$48K-$98K
Illinois,$48K-$98K
Texas,$48K-$98K
Texas,$48K-$98K
Texas,$48K-$98K
Texas,$48K-$98K
Texas,$48K-$98K
Texas,$48K-$98K
Illinois,$48K-$98K
New Jersey,$48K-$98K
Texas,$48K-$98K
Texas,$48K-$98K
Texas,$48K-$98K
Texas,$48K-$98K
Texas,$48K-$98K
Texas,$48K-$98K
Texas,$85K-$159K
Texas,$85K-$159K
Texas,$85K-$159K
Texas,$85K-$159K
Texas,$85K-$159K
Texas,$85K-$159K
Texas,$85K-$159K
California,$85K-$159K
Texas,$85K-$159K
Texas,$85K-$159K
Texas,$85K-$159K
Texas,$85K-$159K
Texas,$85K-$159K
New Jersey,$85K-$159K
Texas,$85K-$159K
Texas,$85K-$159K
Texas,$85K-$159K
Texas,$85K-$159K
Texas,$85K-$159K
Texas,$85K-$159K
Texas,$85K-$159K
Texas,$85K-$159K
Texas,$85K-$159K
Texas,$85K-$159K
Texas,$85K-$159K
Texas,$85K-$159K
Texas,$85K-$159K
New York,$85K-$159K
Illinois,$85K-$159K
Texas,$85K-$159K
Texas,$51K-$79K
California,$51K-$79K
Texas,$51K-$79K
Texas,$51K-$79K
California,$51K-$79K
Texas,$51K-$79K
Texas,$51K-$79K
Texas,$51K-$79K
California,$51K-$79K
Texas,$51K-$79K
Texas,$51K-$79K
Texas,$51K-$79K
Texas,$51K-$79K
Texas,$51K-$79K
Texas,$51K-$79K
Texas,$51K-$79K
Texas,$51K-$79K
Texas,$51K-$79K
Texas,$51K-$79K
Texas,$51K-$79K
Texas,$51K-$79K
Texas,$51K-$79K
New Jersey,$51K-$79K
Texas,$51K-$79K
Texas,$51K-$79K
Texas,$51K-$79K
Texas,$51K-$79K
Texas,$51K-$79K
Texas,$51K-$79K
Texas,$51K-$79K
Texas,$49K-$92K
Texas,$49K-$92K
New York,$49K-$92K
Texas,$49K-$92K
Texas,$49K-$92K
Texas,$49K-$92K
California,$49K-$92K
Texas,$49K-$92K
Texas,$49K-$92K
Texas,$49K-$92K
Texas,$49K-$92K
Texas,$49K-$92K
Texas,$49K-$92K
Texas,$49K-$92K
Texas,$49K-$92K
Texas,$49K-$92K
Texas,$49K-$92K
Texas,$49K-$92K
California,$49K-$92K
Texas,$49K-$92K
New Jersey,$49K-$92K
New Jersey,$49K-$92K
Texas,$49K-$92K
Texas,$49K-$92K
Texas,$49K-$92K
Texas,$49K-$92K
Texas,$49K-$92K
Texas,$49K-$92K
Texas,$49K-$92K
Texas,$85K-$147K
Texas,$85K-$147K
Texas,$85K-$147K
Texas,$85K-$147K
Texas,$85K-$147K
Texas,$85K-$147K
Texas,$85K-$147K
Texas,$85K-$147K
Texas,$85K-$147K
Texas,$85K-$147K
Texas,$45K-$78K
Texas,$45K-$78K
Texas,$45K-$78K
Texas,$45K-$78K
New Jersey,$45K-$78K
Texas,$45K-$78K
Texas,$45K-$78K
Texas,$45K-$78K
Texas,$45K-$78K
Texas,$45K-$78K
New Jersey,$45K-$78K
Texas,$45K-$78K
Texas,$45K-$78K
Texas,$45K-$78K
Texas,$45K-$78K
Texas,$45K-$78K
Texas,$45K-$78K
Texas,$45K-$78K
Texas,$45K-$78K
Texas,$45K-$78K
Texas,$45K-$78K
Texas,$48K-$89K
Texas,$48K-$89K
Texas,$48K-$89K
Texas,$48K-$89K
Texas,$48K-$89K
Illinois,$48K-$89K
Texas,$48K-$89K
Texas,$48K-$89K
Texas,$48K-$89K
Texas,$48K-$89K
Texas,$48K-$89K
Texas,$48K-$89K
Texas,$48K-$89K
Texas,$48K-$89K
Texas,$48K-$89K
Texas,$48K-$89K
Texas,$48K-$89K
Texas,$48K-$89K
Texas,$48K-$89K
Texas,$48K-$89K
Texas,$48K-$89K
Texas,$48K-$89K
Texas,$48K-$89K
Texas,$48K-$89K
Texas,$48K-$89K
Illinois,$48K-$89K
Texas,$48K-$89K
Texas,$46K-$91K
Texas,$46K-$91K
Texas,$46K-$91K
Texas,$46K-$91K
Texas,$46K-$91K
Texas,$46K-$91K
Texas,$46K-$91K
Texas,$46K-$91K
Texas,$46K-$91K
Texas,$46K-$91K
Texas,$46K-$91K
Texas,$46K-$91K
Texas,$46K-$91K
Texas,$46K-$91K
Texas,$46K-$91K
Texas,$46K-$91K
Texas,$46K-$91K
Texas,$46K-$91K
Texas,$46K-$91K
Texas,$46K-$91K
Texas,$46K-$91K
Texas,$46K-$91K
Texas,$46K-$91K
Texas,$46K-$91K
Texas,$46K-$91K
Texas,$46K-$91K
Texas,$46K-$91K
Texas,$46K-$91K
Texas,$46K-$91K
Texas,$46K-$91K
Texas,$73K-$102K
Texas,$73K-$102K
Texas,$73K-$102K
New York,$73K-$102K
Texas,$73K-$102K
Texas,$73K-$102K
Texas,$73K-$102K
Texas,$73K-$102K
Texas,$73K-$102K
New Jersey,$73K-$102K
Texas,$73K-$102K
Texas,$73K-$102K
Texas,$73K-$102K
Texas,$73K-$102K
Texas,$73K-$102K
Texas,$73K-$102K
Texas,$73K-$102K
Texas,$73K-$102K
Texas,$73K-$102K
Texas,$73K-$102K
Texas,$73K-$102K
Texas,$73K-$102K
Texas,$73K-$102K
Texas,$73K-$102K
Texas,$73K-$102K
Texas,$73K-$102K
Texas,$73K-$102K
California,$73K-$102K
Texas,$73K-$102K
Texas,$73K-$102K
California,$100K-$172K
California,$100K-$172K
Illinois,$100K-$172K
New Jersey,$100K-$172K
Texas,$100K-$172K
Texas,$100K-$172K
Texas,$100K-$172K
California,$93K-$149K
California,$93K-$149K
California,$93K-$149K
California,$93K-$149K
California,$93K-$149K
California,$148K-$174K
California,$148K-$174K
California,$148K-$174K
New Jersey,$148K-$174K
California,$148K-$174K
California,$148K-$174K
California,$148K-$174K
California,$148K-$174K
California,$148K-$174K
New York,$148K-$174K
New Jersey,$111K-$175K
California,$111K-$175K
California,$111K-$175K
Texas,$111K-$175K
California,$111K-$175K
Florida,$111K-$175K
California,$111K-$175K
California,$111K-$175K
California,$111K-$175K
Ohio,$111K-$175K
California,$111K-$175K
California,$111K-$175K
California,$111K-$175K
California,$111K-$175K
California,$111K-$175K
California,$111K-$175K
United Kingdom,$111K-$175K
California,$111K-$175K
California,$111K-$175K
California,$111K-$175K
California,$111K-$175K
California,$150K-$237K
California,$150K-$237K
California,$150K-$237K
California,$150K-$237K
California,$150K-$237K
California,$150K-$237K
California,$150K-$237K
Texas,$150K-$237K
New York,$150K-$237K
California,$150K-$237K
Arizona,$150K-$237K
New York,$150K-$237K
California,$150K-$237K
California,$150K-$237K
Illinois,$200K-$250K
New York,$200K-$250K
California,$200K-$250K
California,$200K-$250K
California,$200K-$250K
California,$200K-$250K
California,$200K-$250K
California,$200K-$250K
California,$200K-$250K
Florida,$200K-$250K
California,$135K-$214K
California,$135K-$214K
California,$135K-$214K
California,$135K-$214K
California,$135K-$214K
California,$135K-$214K
California,$135K-$214K
California,$135K-$214K
California,$135K-$214K
California,$135K-$214K
California,$135K-$214K
California,$135K-$214K
California,$135K-$214K
California,$119K-$188K
California,$119K-$188K
California,$119K-$188K
California,$119K-$188K
California,$119K-$188K
California,$119K-$188K
United Kingdom,$119K-$188K
New Jersey,$119K-$188K
California,$119K-$188K
California,$119K-$188K
California,$119K-$188K
California,$119K-$188K
California,$119K-$188K
California,$119K-$188K
California,$119K-$188K
California,$145K-$176K
California,$145K-$176K
California,$145K-$176K
California,$145K-$176K
California,$145K-$176K
New York,$145K-$176K
California,$145K-$176K
California,$145K-$176K
California,$145K-$176K
California,$145K-$176K
Texas,$145K-$176K
Texas,$145K-$176K
California,$145K-$176K
California,$145K-$176K
New Jersey,$150K-$169K
California,$150K-$169K
California,$150K-$169K
California,$150K-$169K
New Jersey,$150K-$169K
Illinois,$150K-$169K
California,$150K-$169K
California,$150K-$169K
California,$150K-$169K
California,$150K-$169K
New York,$150K-$169K
California,$150K-$169K
New Jersey,$121K-$192K
New Jersey,$121K-$192K
California,$121K-$192K
California,$121K-$192K
California,$121K-$192K
California,$121K-$192K
California,$121K-$192K
California,$121K-$192K
California,$121K-$192K
California,$121K-$192K
California,$121K-$192K
California,$121K-$192K
California,$121K-$192K
California,$121K-$192K
California,$121K-$192K
New York,$121K-$192K
California,$141K-$225K
California,$141K-$225K
California,$141K-$225K
California,$141K-$225K
California,$141K-$225K
California,$141K-$225K
California,$141K-$225K
California,$141K-$225K
California,$141K-$225K
New York,$141K-$225K
California,$141K-$225K
California,$141K-$225K
California,$141K-$225K
New Jersey,$141K-$225K
California,$141K-$225K
California,$102K-$179K
New Jersey,$102K-$179K
Illinois,$102K-$179K
New Jersey,$102K-$179K
California,$102K-$179K
California,$102K-$179K
California,$102K-$179K
California,$102K-$179K
Illinois,$102K-$179K
California,$102K-$179K
California,$102K-$179K
California,$102K-$179K
Texas,$116K-$181K
Texas,$116K-$181K
Texas,$116K-$181K
Illinois,$116K-$181K
Texas,$116K-$181K
Texas,$116K-$181K
Texas,$116K-$181K
Texas,$116K-$181K
Texas,$116K-$181K
Texas,$116K-$181K
Texas,$116K-$181K
California,$116K-$181K
Texas,$116K-$181K
Texas,$116K-$181K
Texas,$116K-$181K
Texas,$116K-$181K
Texas,$116K-$181K
Texas,$116K-$181K
Texas,$116K-$181K
Texas,$116K-$181K
California,$116K-$181K
Texas,$116K-$181K
Texas,$116K-$181K
Texas,$116K-$181K
Texas,$116K-$181K
Texas,$116K-$181K
Texas,$116K-$181K
Texas,$116K-$181K
Texas,$116K-$181K
Texas,$116K-$181K
Texas,$112K-$178K
Texas,$112K-$178K
Texas,$112K-$178K
California,$112K-$178K
Texas,$112K-$178K
Illinois,$112K-$178K
Texas,$112K-$178K
Texas,$112K-$178K
California,$112K-$178K
Texas,$112K-$178K
Texas,$112K-$178K
Texas,$112K-$178K
Texas,$112K-$178K
Texas,$112K-$178K
California,$112K-$178K
New York,$112K-$178K
Texas,$112K-$178K
Texas,$112K-$178K
Texas,$112K-$178K
Texas,$112K-$178K
Texas,$112K-$178K
Texas,$112K-$178K
Illinois,$112K-$178K
Texas,$112K-$178K
Texas,$112K-$178K
Texas,$112K-$178K
Texas,$112K-$178K
California,$112K-$178K
Texas,$112K-$178K
Texas,$112K-$178K
California,$93K-$151K
California,$93K-$151K
Texas,$93K-$151K
Texas,$93K-$151K
Texas,$93K-$151K
California,$93K-$151K
California,$93K-$151K
New York,$93K-$151K
Texas,$93K-$151K
Texas,$93K-$151K
California,$93K-$151K
Texas,$93K-$151K
Texas,$93K-$151K
Texas,$93K-$151K
Texas,$93K-$151K
Texas,$93K-$151K
Texas,$93K-$151K
New York,$93K-$151K
New York,$93K-$151K
Texas,$93K-$151K
California,$93K-$151K
California,$93K-$151K
Texas,$93K-$151K
Texas,$93K-$151K
Texas,$93K-$151K
Texas,$93K-$151K
Texas,$93K-$151K
Texas,$93K-$151K
Texas,$93K-$151K
California,$93K-$151K
Texas,$93K-$151K
Texas,$100K-$152K
Illinois,$100K-$152K
Texas,$100K-$152K
Texas,$100K-$152K
Texas,$100K-$152K
Texas,$100K-$152K
Texas,$100K-$152K
Texas,$100K-$152K
Texas,$100K-$152K
Texas,$100K-$152K
Texas,$100K-$152K
Texas,$100K-$152K
California,$100K-$152K
Texas,$100K-$152K
Texas,$100K-$152K
Texas,$100K-$152K
Texas,$100K-$152K
California,$100K-$152K
Texas,$100K-$152K
Texas,$100K-$152K
Texas,$100K-$152K
Texas,$100K-$152K
Texas,$100K-$152K
Texas,$100K-$152K
Texas,$100K-$152K
Texas,$100K-$152K
Texas,$100K-$152K
Texas,$100K-$152K
New York,$100K-$152K
Texas,$100K-$152K
Texas,$38K-$68K
California,$38K-$68K
Texas,$38K-$68K
Texas,$38K-$68K
New York,$38K-$68K
Texas,$38K-$68K
Texas,$38K-$68K
Texas,$38K-$68K
California,$38K-$68K
New York,$38K-$68K
Texas,$38K-$68K
New Jersey,$38K-$68K
Texas,$38K-$68K
New York,$38K-$68K
California,$38K-$68K
Texas,$38K-$68K
Texas,$38K-$68K
Texas,$38K-$68K
Texas,$38K-$68K
California,$38K-$68K
Texas,$38K-$68K
Texas,$38K-$68K
Texas,$38K-$68K
Texas,$38K-$68K
Illinois,$38K-$68K
Texas,$38K-$68K
Texas,$38K-$68K
California,$38K-$68K
Illinois,$73K-$111K
Texas,$73K-$111K
California,$73K-$111K
Texas,$73K-$111K
Texas,$73K-$111K
California,$73K-$111K
Texas,$73K-$111K
Texas,$73K-$111K
Texas,$73K-$111K
Texas,$73K-$111K
Texas,$73K-$111K
California,$73K-$111K
Texas,$73K-$111K
Texas,$73K-$111K
Texas,$73K-$111K
Texas,$73K-$111K
California,$73K-$111K
Texas,$73K-$111K
Texas,$73K-$111K
Texas,$73K-$111K
Texas,$73K-$111K
Texas,$73K-$111K
Texas,$73K-$111K
Texas,$73K-$111K
Texas,$73K-$111K
Texas,$73K-$111K
Texas,$73K-$111K
Texas,$73K-$111K
Texas,$73K-$111K
Texas,$82K-$129K
Texas,$82K-$129K
Texas,$82K-$129K
Texas,$82K-$129K
Texas,$82K-$129K
Texas,$82K-$129K
Texas,$82K-$129K
Texas,$82K-$129K
Texas,$82K-$129K
Texas,$82K-$129K
Texas,$82K-$129K
Texas,$82K-$129K
Texas,$82K-$129K
California,$82K-$129K
Texas,$82K-$129K
Texas,$82K-$129K
Texas,$82K-$129K
Texas,$82K-$129K
Texas,$82K-$129K
Texas,$82K-$129K
Texas,$82K-$129K
Texas,$82K-$129K
Texas,$82K-$129K
Texas,$82K-$129K
Texas,$82K-$129K
Texas,$82K-$129K
New Jersey,$82K-$129K
Texas,$82K-$129K
Texas,$82K-$129K
Texas,$82K-$129K
California,$74K-$144K
Texas,$74K-$144K
California,$74K-$144K
Texas,$74K-$144K
Texas,$74K-$144K
Texas,$74K-$144K
California,$74K-$144K
Texas,$74K-$144K
Texas,$74K-$144K
Texas,$74K-$144K
Texas,$74K-$144K
Texas,$74K-$144K
Texas,$74K-$144K
Texas,$74K-$144K
Texas,$74K-$144K
Texas,$74K-$144K
Texas,$74K-$144K
New Jersey,$74K-$144K
California,$74K-$144K
Illinois,$74K-$144K
Texas,$74K-$144K
Texas,$74K-$144K
Illinois,$74K-$144K
Texas,$74K-$144K
Texas,$74K-$144K
Texas,$74K-$144K
Texas,$74K-$144K
Texas,$74K-$144K
New York,$74K-$144K
Texas,$74K-$144K
Texas,$41K-$66K
Texas,$41K-$66K
New York,$41K-$66K
Texas,$41K-$66K
Texas,$41K-$66K
Texas,$41K-$66K
Texas,$41K-$66K
Texas,$41K-$66K
Texas,$41K-$66K
Texas,$41K-$66K
Texas,$41K-$66K
Texas,$41K-$66K
Texas,$59K-$113K
Texas,$59K-$113K
Texas,$59K-$113K
Texas,$59K-$113K
Texas,$59K-$113K
Texas,$59K-$113K
Texas,$59K-$113K
Texas,$59K-$113K
Texas,$59K-$113K
Texas,$59K-$113K
Texas,$59K-$113K
Texas,$59K-$113K
New York,$70K-$129K
Texas,$70K-$129K
Texas,$70K-$129K
Texas,$70K-$129K
Texas,$70K-$129K
Texas,$70K-$129K
Texas,$70K-$129K
Texas,$70K-$129K
Texas,$70K-$129K
Texas,$70K-$129K
Texas,$70K-$129K
Texas,$70K-$129K
Texas,$70K-$129K
Texas,$70K-$129K
Texas,$70K-$129K
Texas,$70K-$129K
Texas,$70K-$129K
Texas,$70K-$129K
Texas,$70K-$129K
Texas,$70K-$129K
Texas,$70K-$129K
Texas,$70K-$129K
California,$50K-$110K
New Jersey,$50K-$110K
Texas,$50K-$110K
Texas,$50K-$110K
Texas,$50K-$110K
Texas,$50K-$110K
Texas,$50K-$110K
Texas,$50K-$110K
California,$50K-$110K
Texas,$50K-$110K
Texas,$50K-$110K
Texas,$50K-$110K
Texas,$50K-$110K
Texas,$50K-$110K
Texas,$50K-$110K
Texas,$50K-$110K
Texas,$50K-$110K
Texas,$50K-$110K
Texas,$50K-$110K
Texas,$50K-$110K
Texas,$50K-$110K
California,$50K-$110K
Texas,$50K-$110K
California,$50K-$110K
New Jersey,$50K-$110K
Texas,$50K-$110K
Illinois,$50K-$110K
Texas,$50K-$110K
California,$50K-$110K
Texas,$50K-$110K
Texas,$62K-$112K
Texas,$62K-$112K
California,$62K-$112K
Texas,$62K-$112K
Texas,$62K-$112K
New York,$62K-$112K
Texas,$62K-$112K
Texas,$62K-$112K
Texas,$62K-$112K
Texas,$62K-$112K
Texas,$62K-$112K
Texas,$62K-$112K
Texas,$62K-$112K
Texas,$62K-$112K
Texas,$62K-$112K
Texas,$62K-$112K
Texas,$62K-$112K
Texas,$62K-$112K
Texas,$62K-$112K
Texas,$62K-$112K
Texas,$62K-$112K
Texas,$62K-$112K
Texas,$62K-$112K
Texas,$62K-$112K
New Jersey,$62K-$112K
Texas,$62K-$112K
Illinois,$62K-$112K
Texas,$62K-$112K
Texas,$62K-$112K
Texas,$62K-$112K
Texas,$114K-$185K
Texas,$114K-$185K
Texas,$114K-$185K
Texas,$114K-$185K
Texas,$114K-$185K
Texas,$114K-$185K
Texas,$114K-$185K
Florida,$61K-$94K
Florida,$61K-$94K
Florida,$61K-$94K
Florida,$61K-$94K
Florida,$61K-$94K
Florida,$61K-$94K
New York,$61K-$94K
Florida,$61K-$94K
Florida,$61K-$94K
Florida,$61K-$94K
Florida,$61K-$94K
Florida,$61K-$94K
Illinois,$61K-$94K
Florida,$61K-$94K
Florida,$61K-$94K
Illinois,$61K-$94K
Florida,$61K-$94K
California,$61K-$94K
Florida,$61K-$94K
Florida,$61K-$94K
Florida,$61K-$94K
Florida,$61K-$94K
Florida,$61K-$94K
Illinois,$61K-$94K
Florida,$61K-$94K
Florida,$61K-$94K
Florida,$61K-$94K
Florida,$61K-$94K
Florida,$61K-$94K
Florida,$61K-$94K
Florida,$54K-$88K
Florida,$54K-$88K
New York,$54K-$88K
Florida,$54K-$88K
Florida,$54K-$88K
Florida,$54K-$88K
Florida,$54K-$88K
Florida,$54K-$88K
Florida,$54K-$88K
Florida,$54K-$88K
Illinois,$54K-$88K
Florida,$54K-$88K
Florida,$54K-$88K
Florida,$54K-$88K
Florida,$54K-$88K
Florida,$54K-$88K
Florida,$54K-$88K
Florida,$54K-$88K
Illinois,$54K-$88K
Florida,$54K-$88K
Florida,$54K-$88K
Florida,$54K-$88K
Florida,$54K-$88K
Florida,$54K-$88K
Florida,$54K-$88K
Florida,$54K-$88K
California,$54K-$88K
Florida,$54K-$88K
California,$54K-$88K
Florida,$54K-$88K
Florida,$66K-$130K
Florida,$66K-$130K
California,$66K-$130K
Florida,$66K-$130K
Florida,$66K-$130K
Florida,$66K-$130K
Illinois,$66K-$130K
Florida,$66K-$130K
Texas,$96K-$155K
California,$96K-$155K
Texas,$96K-$155K
Texas,$96K-$155K
Texas,$57K-$80K
Texas,$57K-$80K
Texas,$57K-$80K
Ohio,$57K-$80K
Texas,$57K-$80K
Texas,$57K-$80K
Texas,$57K-$80K
Texas,$57K-$80K
Texas,$57K-$80K
Texas,$57K-$80K
Texas,$57K-$80K
Texas,$57K-$80K
Texas,$47K-$84K
Texas,$47K-$84K
New Jersey,$47K-$84K
Texas,$47K-$84K
Florida,$47K-$84K
Texas,$47K-$84K
Texas,$47K-$84K
Texas,$39K-$71K
Florida,$39K-$71K
Texas,$39K-$71K
Texas,$39K-$71K
Texas,$39K-$71K
California,$39K-$71K
Texas,$55K-$98K
Texas,$55K-$98K
New Jersey,$55K-$98K
Texas,$55K-$98K
Texas,$55K-$98K
Texas,$55K-$98K
California,$55K-$98K
Texas,$55K-$98K
Texas,$100K-$172K
California,$100K-$172K
New Jersey,$100K-$172K
Texas,$100K-$172K
Texas,$100K-$172K
Texas,$100K-$172K
Texas,$100K-$172K
Texas,$100K-$172K
Texas,$100K-$172K
Texas,$100K-$172K
Texas,$100K-$172K
Texas,$100K-$172K
New Jersey,$100K-$172K
Texas,$100K-$172K
Texas,$100K-$172K
Texas,$100K-$172K
Texas,$100K-$172K
Texas,$100K-$172K
Texas,$100K-$172K
Texas,$100K-$172K
Texas,$100K-$172K
Texas,$100K-$172K
Texas,$100K-$172K
Texas,$100K-$172K
Texas,$100K-$172K
New Jersey,$100K-$172K
New Jersey,$100K-$172K
New Jersey,$100K-$172K
Texas,$100K-$172K
Texas,$93K-$103K
Texas,$93K-$103K
Texas,$93K-$103K
Texas,$93K-$103K
California,$93K-$103K
Texas,$93K-$103K
Texas,$93K-$103K
Texas,$93K-$103K
Texas,$93K-$103K
Ohio,$100K-$163K
Ohio,$100K-$163K
Ohio,$100K-$163K
Ohio,$100K-$163K
Ohio,$100K-$163K
Ohio,$100K-$163K
Ohio,$100K-$163K
Ohio,$100K-$163K
Ohio,$100K-$163K
Ohio,$100K-$163K
Ohio,$100K-$163K
Ohio,$100K-$163K
Ohio,$100K-$163K
Ohio,$100K-$163K
Ohio,$100K-$163K
Ohio,$100K-$163K
Ohio,$100K-$163K
Ohio,$100K-$163K
Ohio,$100K-$163K
Ohio,$100K-$163K
Ohio,$100K-$163K
Ohio,$100K-$163K
Ohio,$100K-$163K
Ohio,$100K-$163K
Ohio,$100K-$163K
Ohio,$100K-$163K
Ohio,$100K-$163K
Ohio,$100K-$163K
Ohio,$100K-$163K
New York,$100K-$163K
Ohio,$98K-$160K
Ohio,$98K-$160K
Ohio,$98K-$160K
Ohio,$98K-$160K
Ohio,$98K-$160K
Ohio,$98K-$160K
Ohio,$98K-$160K
Ohio,$98K-$160K
Ohio,$98K-$160K
Ohio,$98K-$160K
California,$98K-$160K
Ohio,$98K-$160K
New York,$98K-$160K
Ohio,$98K-$160K
Ohio,$98K-$160K
Illinois,$98K-$160K
Ohio,$98K-$160K
New York,$98K-$160K
Ohio,$98K-$160K
Ohio,$98K-$160K
Ohio,$98K-$160K
Ohio,$98K-$160K
Ohio,$98K-$160K
Ohio,$98K-$160K
Ohio,$98K-$160K
New York,$98K-$160K
Ohio,$98K-$160K
Ohio,$98K-$160K
Ohio,$98K-$160K
Ohio,$98K-$160K
Ohio,$52K-$94K
Ohio,$52K-$94K
New York,$52K-$94K
Ohio,$52K-$94K
Ohio,$52K-$94K
Ohio,$52K-$94K
Ohio,$52K-$94K
Ohio,$52K-$94K
Ohio,$52K-$94K
Illinois,$52K-$94K
Ohio,$52K-$94K
Ohio,$52K-$94K
Ohio,$52K-$94K
Ohio,$52K-$94K
Ohio,$52K-$94K
Ohio,$52K-$94K
Ohio,$52K-$94K
New Jersey,$52K-$94K
New York,$52K-$94K
Ohio,$52K-$94K
Ohio,$52K-$94K
Ohio,$52K-$94K
Ohio,$52K-$94K
Ohio,$52K-$94K
Ohio,$52K-$94K
Ohio,$52K-$94K
Ohio,$52K-$94K
Ohio,$52K-$94K
Ohio,$52K-$94K
Ohio,$52K-$94K
Ohio,$55K-$113K
Ohio,$55K-$113K
Ohio,$55K-$113K
Ohio,$55K-$113K
Ohio,$55K-$113K
Ohio,$55K-$113K
Ohio,$55K-$113K
Ohio,$55K-$113K
Ohio,$55K-$113K
Ohio,$55K-$113K
Ohio,$55K-$113K
Ohio,$55K-$113K
Ohio,$55K-$113K
Ohio,$55K-$113K
Ohio,$55K-$113K
Ohio,$55K-$113K
Ohio,$55K-$113K
Ohio,$55K-$113K
Ohio,$55K-$113K
Ohio,$55K-$113K
Ohio,$55K-$113K
Ohio,$55K-$113K
Ohio,$55K-$113K
Ohio,$55K-$113K
Ohio,$55K-$113K
Ohio,$55K-$113K
New Jersey,$55K-$113K
Ohio,$55K-$113K
Ohio,$55K-$113K
Illinois,$55K-$113K
Ohio,$39K-$86K
Florida,$39K-$86K
Ohio,$39K-$86K
Ohio,$39K-$86K
Ohio,$39K-$86K
Ohio,$39K-$86K
Ohio,$39K-$86K
Ohio,$39K-$86K
Ohio,$39K-$86K
Ohio,$39K-$86K
Ohio,$39K-$86K
Ohio,$39K-$86K
Ohio,$39K-$86K
Ohio,$39K-$86K
Ohio,$39K-$86K
Ohio,$39K-$86K
New Jersey,$39K-$86K
Ohio,$39K-$86K
Ohio,$39K-$86K
Ohio,$39K-$86K
Ohio,$39K-$86K
New York,$39K-$86K
Ohio,$39K-$86K
Ohio,$39K-$86K
Ohio,$39K-$86K
Ohio,$39K-$86K
Ohio,$39K-$86K
New York,$39K-$86K
Ohio,$39K-$86K
Ohio,$39K-$86K
Ohio,$55K-$112K
Ohio,$55K-$112K
Ohio,$55K-$112K
Ohio,$55K-$112K
Ohio,$55K-$112K
Ohio,$55K-$112K
Florida,$55K-$112K
Ohio,$55K-$112K
Ohio,$55K-$112K
Ohio,$55K-$112K
Ohio,$55K-$112K
Ohio,$55K-$112K
New York,$55K-$112K
Ohio,$55K-$112K
Ohio,$55K-$112K
Ohio,$55K-$112K
Ohio,$55K-$112K
Ohio,$55K-$112K
Ohio,$55K-$112K
Ohio,$55K-$112K
Ohio,$55K-$112K
New Jersey,$55K-$112K
Texas,$55K-$112K
Illinois,$55K-$112K
Texas,$55K-$112K
Ohio,$55K-$112K
Ohio,$55K-$112K
