150-237,Arizona
113-184,Arizona
99-173,Arizona
99-173,Arizona
99-173,Arizona
99-173,Arizona
99-173,Arizona
99-173,Arizona
98-152,Arizona
97-111,Arizona
97-111,Arizona
97-111,Arizona
97-111,Arizona
97-111,Arizona
97-111,Arizona
97-111,Arizona
97-111,Arizona
97-111,Arizona
97-111,Arizona
97-111,Arizona
97-111,Arizona
97-111,Arizona
97-111,Arizona
97-111,Arizona
97-111,Arizona
97-111,Arizona
97-111,Arizona
97-111,Arizona
97-159,Arizona
97-159,Arizona
97-159,Arizona
97-159,Arizona
97-159,Arizona
97-159,Arizona
97-159,Arizona
97-159,Arizona
97-159,Arizona
97-159,Arizona
97-159,Arizona
97-159,Arizona
97-159,Arizona
97-159,Arizona
97-159,Arizona
97-159,Arizona
97-159,Arizona
97-159,Arizona
97-159,Arizona
97-159,Arizona
97-159,Arizona
97-159,Arizona
97-159,Arizona
97-159,Arizona
97-159,Arizona
97-159,Arizona
97-159,Arizona
97-159,Arizona
96-119,Arizona
94-151,Arizona
94-151,Arizona
94-151,Arizona
94-151,Arizona
94-151,Arizona
94-151,Arizona
94-151,Arizona
94-151,Arizona
94-151,Arizona
94-151,Arizona
94-151,Arizona
94-151,Arizona
94-151,Arizona
94-151,Arizona
94-151,Arizona
94-151,Arizona
94-151,Arizona
94-151,Arizona
94-151,Arizona
94-151,Arizona
94-151,Arizona
94-151,Arizona
94-151,Arizona
94-151,Arizona
94-151,Arizona
94-151,Arizona
92-144,Arizona
92-144,Arizona
92-144,Arizona
92-144,Arizona
92-144,Arizona
92-144,Arizona
92-144,Arizona
92-144,Arizona
92-144,Arizona
92-144,Arizona
92-144,Arizona
92-144,Arizona
92-144,Arizona
92-144,Arizona
92-144,Arizona
92-144,Arizona
92-144,Arizona
92-144,Arizona
92-144,Arizona
92-144,Arizona
92-144,Arizona
92-144,Arizona
92-144,Arizona
92-144,Arizona
92-144,Arizona
92-144,Arizona
84-101,Arizona
84-101,Arizona
84-101,Arizona
84-101,Arizona
84-101,Arizona
84-101,Arizona
84-101,Arizona
84-101,Arizona
84-101,Arizona
84-101,Arizona
84-101,Arizona
84-101,Arizona
84-101,Arizona
84-101,Arizona
84-101,Arizona
84-101,Arizona
84-101,Arizona
84-101,Arizona
84-101,Arizona
84-156,Arizona
84-156,Arizona
84-156,Arizona
84-156,Arizona
84-156,Arizona
84-156,Arizona
84-156,Arizona
84-156,Arizona
84-156,Arizona
84-156,Arizona
84-156,Arizona
84-156,Arizona
84-156,Arizona
84-156,Arizona
84-156,Arizona
84-156,Arizona
84-156,Arizona
84-156,Arizona
84-156,Arizona
84-156,Arizona
84-156,Arizona
84-156,Arizona
84-156,Arizona
64-97,Arizona
64-97,Arizona
64-97,Arizona
64-97,Arizona
64-97,Arizona
64-97,Arizona
64-97,Arizona
64-97,Arizona
64-97,Arizona
64-97,Arizona
64-97,Arizona
64-97,Arizona
64-97,Arizona
64-97,Arizona
64-97,Arizona
64-97,Arizona
64-97,Arizona
64-97,Arizona
64-97,Arizona
64-97,Arizona
54-92,Arizona
47-73,Arizona
47-73,Arizona
47-73,Arizona
47-73,Arizona
47-73,Arizona
47-73,Arizona
47-73,Arizona
47-73,Arizona
47-73,Arizona
47-73,Arizona
47-73,Arizona
47-73,Arizona
47-73,Arizona
47-73,Arizona
47-73,Arizona
47-73,Arizona
47-73,Arizona
47-73,Arizona
47-73,Arizona
47-73,Arizona
47-73,Arizona
47-73,Arizona
47-73,Arizona
46-104,Arizona
46-104,Arizona
46-104,Arizona
46-104,Arizona
46-104,Arizona
46-104,Arizona
46-104,Arizona
46-104,Arizona
46-104,Arizona
46-104,Arizona
46-104,Arizona
46-104,Arizona
46-104,Arizona
46-104,Arizona
46-104,Arizona
46-104,Arizona
46-104,Arizona
46-104,Arizona
45-81,Arizona
45-81,Arizona
45-81,Arizona
45-81,Arizona
45-81,Arizona
45-81,Arizona
45-81,Arizona
45-81,Arizona
45-81,Arizona
45-81,Arizona
45-81,Arizona
45-81,Arizona
45-81,Arizona
45-81,Arizona
45-81,Arizona
45-81,Arizona
45-81,Arizona
45-81,Arizona
45-81,Arizona
45-81,Arizona
45-81,Arizona
45-81,Arizona
45-81,Arizona
37-75,Arizona
200-250,California
200-250,California
200-250,California
200-250,California
200-250,California
200-250,California
200-250,California
156-254,California
150-169,California
150-169,California
150-169,California
150-169,California
150-169,California
150-169,California
150-169,California
150-169,California
150-237,California
150-237,California
150-237,California
150-237,California
150-237,California
150-237,California
150-237,California
150-237,California
150-237,California
150-237,California
148-174,California
148-174,California
148-174,California
148-174,California
148-174,California
148-174,California
148-174,California
148-174,California
145-176,California
145-176,California
145-176,California
145-176,California
145-176,California
145-176,California
145-176,California
145-176,California
145-176,California
145-176,California
145-176,California
141-225,California
141-225,California
141-225,California
141-225,California
141-225,California
141-225,California
141-225,California
141-225,California
141-225,California
141-225,California
141-225,California
141-225,California
141-225,California
138-217,California
136-164,California
136-164,California
136-164,California
136-164,California
136-164,California
136-164,California
135-214,California
135-214,California
135-214,California
135-214,California
135-214,California
135-214,California
135-214,California
135-214,California
135-214,California
135-214,California
135-214,California
135-214,California
135-214,California
134-210,California
134-210,California
134-210,California
134-218,California
134-218,California
134-218,California
134-218,California
134-218,California
134-218,California
133-171,California
132-208,California
132-208,California
132-208,California
132-208,California
132-208,California
132-208,California
132-208,California
132-208,California
121-192,California
121-192,California
121-192,California
121-192,California
121-192,California
121-192,California
121-192,California
121-192,California
121-192,California
121-192,California
121-192,California
121-192,California
121-192,California
119-147,California
119-188,California
119-188,California
119-188,California
119-188,California
119-188,California
119-188,California
119-188,California
119-188,California
119-188,California
119-188,California
119-188,California
119-188,California
119-188,California
116-152,California
116-181,California
116-181,California
114-146,California
113-180,California
113-180,California
113-180,California
113-180,California
113-180,California
113-180,California
113-180,California
113-180,California
113-180,California
113-180,California
113-180,California
113-180,California
113-180,California
113-180,California
113-180,California
113-184,California
113-184,California
113-184,California
113-184,California
113-184,California
113-184,California
113-184,California
112-178,California
112-178,California
112-178,California
112-178,California
111-175,California
111-175,California
111-175,California
111-175,California
111-175,California
111-175,California
111-175,California
111-175,California
111-175,California
111-175,California
111-175,California
111-175,California
111-175,California
111-175,California
111-175,California
111-175,California
111-181,California
102-164,California
102-164,California
102-164,California
102-164,California
102-164,California
102-164,California
102-179,California
102-179,California
102-179,California
102-179,California
102-179,California
102-179,California
102-179,California
102-179,California
100-152,California
100-152,California
100-172,California
100-172,California
100-172,California
98-160,California
97-111,California
97-159,California
96-119,California
96-155,California
94-151,California
94-151,California
93-103,California
93-149,California
93-149,California
93-149,California
93-149,California
93-149,California
93-151,California
93-151,California
93-151,California
93-151,California
93-151,California
93-151,California
93-151,California
93-151,California
93-151,California
90-175,California
90-175,California
88-140,California
86-178,California
85-159,California
84-101,California
84-156,California
83-105,California
83-105,California
83-105,California
83-105,California
83-105,California
83-105,California
83-105,California
83-105,California
83-105,California
83-154,California
83-165,California
83-165,California
83-165,California
82-129,California
82-141,California
76-122,California
76-122,California
76-122,California
76-122,California
76-122,California
76-122,California
76-122,California
76-125,California
76-125,California
76-125,California
76-125,California
76-125,California
76-125,California
76-125,California
75-143,California
75-143,California
75-143,California
75-143,California
75-143,California
75-143,California
74-124,California
74-129,California
74-144,California
74-144,California
74-144,California
74-144,California
73-102,California
73-111,California
73-111,California
73-111,California
73-111,California
73-136,California
72-97,California
71-117,California
71-117,California
71-122,California
66-130,California
64-97,California
64-97,California
64-97,California
62-109,California
62-112,California
62-127,California
61-94,California
60-105,California
60-124,California
60-124,California
55-101,California
55-117,California
55-117,California
55-98,California
54-88,California
54-88,California
54-92,California
51-79,California
51-79,California
51-79,California
50-110,California
50-110,California
50-110,California
50-110,California
50-110,California
50-87,California
49-92,California
49-92,California
47-73,California
47-73,California
46-104,California
46-104,California
46-82,California
46-82,California
46-82,California
46-82,California
46-82,California
40-73,California
40-73,California
39-69,California
39-69,California
39-71,California
38-68,California
38-68,California
38-68,California
38-68,California
38-68,California
37-75,California
37-75,California
37-75,California
37-75,California
37-75,California
37-75,California
37-75,California
37-75,California
36-71,California
36-71,California
34-72,California
34-72,California
34-72,California
34-72,California
34-72,California
34-72,California
34-72,California
34-72,California
31-56,California
12-112,California
143-237,Delaware
143-237,Delaware
143-237,Delaware
93-151,Delaware
93-151,Delaware
71-122,Delaware
68-89,Delaware
55-101,Delaware
200-250,Florida
113-184,Florida
111-175,Florida
111-181,Florida
98-152,Florida
88-140,Florida
66-130,Florida
66-130,Florida
66-130,Florida
66-130,Florida
66-130,Florida
66-130,Florida
61-94,Florida
61-94,Florida
61-94,Florida
61-94,Florida
61-94,Florida
61-94,Florida
61-94,Florida
61-94,Florida
61-94,Florida
61-94,Florida
61-94,Florida
61-94,Florida
61-94,Florida
61-94,Florida
61-94,Florida
61-94,Florida
61-94,Florida
61-94,Florida
61-94,Florida
61-94,Florida
61-94,Florida
61-94,Florida
61-94,Florida
61-94,Florida
61-94,Florida
55-101,Florida
55-101,Florida
55-112,Florida
54-88,Florida
54-88,Florida
54-88,Florida
54-88,Florida
54-88,Florida
54-88,Florida
54-88,Florida
54-88,Florida
54-88,Florida
54-88,Florida
54-88,Florida
54-88,Florida
54-88,Florida
54-88,Florida
54-88,Florida
54-88,Florida
54-88,Florida
54-88,Florida
54-88,Florida
54-88,Florida
54-88,Florida
54-88,Florida
54-88,Florida
54-88,Florida
54-88,Florida
54-92,Florida
52-91,Florida
47-84,Florida
46-82,Florida
43-76,Florida
43-76,Florida
39-71,Florida
39-86,Florida
200-250,Illinois
150-169,Illinois
138-217,Illinois
136-164,Illinois
134-218,Illinois
134-218,Illinois
133-171,Illinois
132-208,Illinois
120-140,Illinois
116-181,Illinois
114-211,Illinois
114-211,Illinois
113-180,Illinois
112-178,Illinois
112-178,Illinois
111-181,Illinois
102-121,Illinois
102-179,Illinois
102-179,Illinois
100-152,Illinois
100-172,Illinois
99-174,Illinois
99-174,Illinois
99-174,Illinois
99-174,Illinois
99-174,Illinois
99-174,Illinois
99-174,Illinois
99-174,Illinois
99-174,Illinois
99-174,Illinois
99-174,Illinois
99-174,Illinois
99-174,Illinois
99-174,Illinois
99-174,Illinois
99-174,Illinois
99-174,Illinois
99-174,Illinois
99-174,Illinois
99-174,Illinois
99-174,Illinois
99-174,Illinois
99-174,Illinois
99-174,Illinois
99-174,Illinois
99-174,Illinois
98-152,Illinois
98-160,Illinois
97-111,Illinois
94-166,Illinois
94-166,Illinois
93-151,Illinois
91-105,Illinois
91-105,Illinois
91-105,Illinois
91-105,Illinois
91-105,Illinois
91-105,Illinois
91-105,Illinois
91-105,Illinois
91-105,Illinois
91-105,Illinois
91-105,Illinois
91-105,Illinois
91-105,Illinois
91-105,Illinois
91-105,Illinois
91-105,Illinois
91-105,Illinois
91-105,Illinois
91-105,Illinois
91-105,Illinois
91-105,Illinois
91-105,Illinois
91-105,Illinois
91-105,Illinois
91-105,Illinois
91-105,Illinois
91-105,Illinois
91-105,Illinois
86-178,Illinois
85-159,Illinois
83-165,Illinois
79-130,Illinois
79-130,Illinois
79-130,Illinois
79-130,Illinois
79-130,Illinois
79-130,Illinois
79-130,Illinois
79-130,Illinois
79-130,Illinois
79-130,Illinois
79-130,Illinois
79-130,Illinois
79-130,Illinois
79-130,Illinois
79-130,Illinois
79-130,Illinois
79-130,Illinois
79-130,Illinois
79-130,Illinois
79-130,Illinois
79-130,Illinois
79-130,Illinois
79-130,Illinois
79-130,Illinois
79-130,Illinois
79-130,Illinois
79-130,Illinois
79-130,Illinois
79-130,Illinois
79-130,Illinois
76-147,Illinois
76-147,Illinois
76-147,Illinois
76-147,Illinois
76-147,Illinois
76-147,Illinois
76-147,Illinois
76-147,Illinois
76-147,Illinois
76-147,Illinois
76-147,Illinois
76-147,Illinois
76-147,Illinois
76-147,Illinois
76-147,Illinois
76-147,Illinois
76-147,Illinois
76-147,Illinois
76-147,Illinois
76-147,Illinois
76-147,Illinois
76-147,Illinois
76-147,Illinois
76-147,Illinois
76-147,Illinois
74-129,Illinois
74-144,Illinois
74-144,Illinois
73-111,Illinois
72-97,Illinois
71-117,Illinois
71-122,Illinois
70-123,Illinois
70-123,Illinois
70-123,Illinois
70-123,Illinois
70-123,Illinois
70-123,Illinois
70-123,Illinois
70-123,Illinois
70-123,Illinois
70-123,Illinois
70-123,Illinois
70-123,Illinois
70-123,Illinois
70-123,Illinois
70-123,Illinois
70-123,Illinois
69-144,Illinois
69-144,Illinois
69-144,Illinois
69-144,Illinois
69-144,Illinois
69-144,Illinois
69-144,Illinois
69-144,Illinois
69-144,Illinois
69-144,Illinois
69-144,Illinois
69-144,Illinois
69-144,Illinois
69-144,Illinois
69-144,Illinois
69-144,Illinois
69-144,Illinois
69-144,Illinois
69-144,Illinois
69-144,Illinois
69-144,Illinois
69-144,Illinois
69-144,Illinois
69-144,Illinois
69-144,Illinois
69-144,Illinois
69-144,Illinois
69-144,Illinois
68-89,Illinois
66-130,Illinois
62-109,Illinois
62-109,Illinois
62-109,Illinois
62-109,Illinois
62-109,Illinois
62-109,Illinois
62-109,Illinois
62-109,Illinois
62-109,Illinois
62-109,Illinois
62-109,Illinois
62-109,Illinois
62-109,Illinois
62-109,Illinois
62-109,Illinois
62-109,Illinois
62-109,Illinois
62-109,Illinois
62-109,Illinois
62-109,Illinois
62-109,Illinois
62-109,Illinois
62-109,Illinois
62-109,Illinois
62-109,Illinois
62-109,Illinois
62-109,Illinois
62-112,Illinois
62-127,Illinois
61-94,Illinois
61-94,Illinois
61-94,Illinois
60-105,Illinois
60-105,Illinois
60-105,Illinois
60-105,Illinois
60-105,Illinois
60-105,Illinois
60-105,Illinois
60-105,Illinois
60-105,Illinois
60-105,Illinois
60-105,Illinois
60-105,Illinois
60-105,Illinois
60-105,Illinois
60-105,Illinois
60-105,Illinois
60-105,Illinois
60-105,Illinois
60-105,Illinois
60-105,Illinois
60-105,Illinois
60-105,Illinois
60-105,Illinois
60-105,Illinois
60-105,Illinois
60-105,Illinois
60-105,Illinois
60-105,Illinois
60-124,Illinois
55-112,Illinois
55-113,Illinois
54-88,Illinois
54-88,Illinois
54-92,Illinois
54-92,Illinois
54-92,Illinois
52-94,Illinois
50-110,Illinois
50-87,Illinois
49-78,Illinois
49-78,Illinois
49-78,Illinois
48-89,Illinois
48-89,Illinois
48-98,Illinois
48-98,Illinois
47-73,Illinois
47-73,Illinois
47-82,Illinois
47-82,Illinois
47-82,Illinois
47-82,Illinois
47-82,Illinois
47-82,Illinois
47-82,Illinois
47-82,Illinois
47-82,Illinois
46-80,Illinois
46-80,Illinois
46-80,Illinois
46-80,Illinois
46-80,Illinois
46-80,Illinois
46-80,Illinois
46-80,Illinois
46-80,Illinois
46-80,Illinois
46-80,Illinois
46-80,Illinois
46-80,Illinois
46-80,Illinois
46-80,Illinois
46-80,Illinois
46-80,Illinois
46-80,Illinois
46-80,Illinois
46-80,Illinois
46-80,Illinois
46-80,Illinois
46-80,Illinois
46-80,Illinois
46-80,Illinois
46-80,Illinois
46-80,Illinois
46-80,Illinois
46-80,Illinois
46-82,Illinois
46-83,Illinois
44-80,Illinois
40-73,Illinois
40-73,Illinois
40-73,Illinois
40-73,Illinois
40-73,Illinois
40-73,Illinois
40-73,Illinois
40-73,Illinois
40-73,Illinois
40-73,Illinois
40-73,Illinois
40-73,Illinois
40-73,Illinois
40-73,Illinois
40-73,Illinois
40-73,Illinois
39-81,Illinois
39-81,Illinois
39-81,Illinois
39-81,Illinois
39-81,Illinois
39-81,Illinois
39-81,Illinois
39-81,Illinois
39-81,Illinois
39-81,Illinois
39-81,Illinois
39-81,Illinois
39-81,Illinois
39-81,Illinois
39-81,Illinois
39-81,Illinois
39-81,Illinois
39-81,Illinois
39-81,Illinois
39-81,Illinois
39-81,Illinois
39-81,Illinois
39-81,Illinois
39-81,Illinois
39-81,Illinois
39-81,Illinois
39-81,Illinois
39-81,Illinois
38-59,Illinois
38-59,Illinois
38-59,Illinois
38-59,Illinois
38-59,Illinois
38-59,Illinois
38-59,Illinois
38-59,Illinois
38-59,Illinois
38-59,Illinois
38-59,Illinois
38-59,Illinois
38-59,Illinois
38-59,Illinois
38-59,Illinois
38-59,Illinois
38-59,Illinois
38-68,Illinois
36-71,Illinois
31-56,Illinois
31-56,Illinois
31-56,Illinois
31-56,Illinois
31-56,Illinois
31-56,Illinois
31-56,Illinois
31-56,Illinois
31-56,Illinois
31-56,Illinois
31-56,Illinois
31-56,Illinois
31-56,Illinois
31-56,Illinois
31-56,Illinois
31-56,Illinois
31-56,Illinois
31-56,Illinois
31-56,Illinois
31-56,Illinois
31-56,Illinois
31-56,Illinois
31-56,Illinois
31-56,Illinois
31-56,Illinois
31-56,Illinois
31-56,Illinois
 Salary Estimate,Location
156-254,New Jersey
150-169,New Jersey
150-169,New Jersey
148-174,New Jersey
141-225,New Jersey
138-217,New Jersey
136-164,New Jersey
134-210,New Jersey
134-218,New Jersey
132-208,New Jersey
121-192,New Jersey
121-192,New Jersey
119-147,New Jersey
119-147,New Jersey
119-188,New Jersey
114-144,New Jersey
113-184,New Jersey
111-175,New Jersey
111-181,New Jersey
110-139,New Jersey
102-121,New Jersey
102-121,New Jersey
102-179,New Jersey
102-179,New Jersey
100-172,New Jersey
100-172,New Jersey
100-172,New Jersey
100-172,New Jersey
100-172,New Jersey
100-172,New Jersey
99-174,New Jersey
97-159,New Jersey
96-119,New Jersey
96-119,New Jersey
96-119,New Jersey
96-119,New Jersey
94-151,New Jersey
93-151,New Jersey
93-151,New Jersey
93-151,New Jersey
92-144,New Jersey
88-140,New Jersey
86-178,New Jersey
85-159,New Jersey
84-101,New Jersey
84-101,New Jersey
84-101,New Jersey
84-101,New Jersey
84-156,New Jersey
84-156,New Jersey
84-156,New Jersey
82-129,New Jersey
76-122,New Jersey
76-125,New Jersey
76-147,New Jersey
76-147,New Jersey
74-124,New Jersey
74-140,New Jersey
74-144,New Jersey
73-102,New Jersey
73-136,New Jersey
73-136,New Jersey
72-97,New Jersey
71-117,New Jersey
71-117,New Jersey
71-122,New Jersey
71-122,New Jersey
70-154,New Jersey
70-154,New Jersey
69-144,New Jersey
68-89,New Jersey
68-89,New Jersey
65-100,New Jersey
65-100,New Jersey
64-97,New Jersey
64-97,New Jersey
64-97,New Jersey
64-97,New Jersey
64-97,New Jersey
62-109,New Jersey
62-112,New Jersey
60-124,New Jersey
55-101,New Jersey
55-101,New Jersey
55-101,New Jersey
55-101,New Jersey
55-101,New Jersey
55-112,New Jersey
55-113,New Jersey
55-98,New Jersey
54-92,New Jersey
52-94,New Jersey
51-79,New Jersey
50-110,New Jersey
50-110,New Jersey
49-92,New Jersey
49-92,New Jersey
48-98,New Jersey
47-73,New Jersey
47-84,New Jersey
46-104,New Jersey
46-104,New Jersey
46-82,New Jersey
46-83,New Jersey
45-106,New Jersey
45-78,New Jersey
45-78,New Jersey
45-81,New Jersey
45-81,New Jersey
45-81,New Jersey
45-81,New Jersey
44-80,New Jersey
44-80,New Jersey
43-76,New Jersey
39-81,New Jersey
39-86,New Jersey
39-87,New Jersey
38-68,New Jersey
200-250,New York
150-169,New York
150-237,New York
150-237,New York
148-174,New York
145-176,New York
141-225,New York
134-218,New York
134-218,New York
132-208,New York
132-208,New York
129-210,New York
121-192,New York
116-152,New York
116-152,New York
116-152,New York
113-180,New York
113-184,New York
112-178,New York
111-181,New York
111-181,New York
110-139,New York
100-152,New York
100-163,New York
99-174,New York
99-174,New York
98-152,New York
98-160,New York
98-160,New York
98-160,New York
97-159,New York
97-159,New York
96-119,New York
96-119,New York
96-119,New York
93-151,New York
93-151,New York
93-151,New York
91-105,New York
90-175,New York
85-159,New York
82-141,New York
76-125,New York
76-147,New York
76-147,New York
74-144,New York
73-102,New York
71-117,New York
71-117,New York
70-129,New York
69-144,New York
62-112,New York
61-94,New York
55-112,New York
55-117,New York
55-117,New York
54-88,New York
52-94,New York
52-94,New York
50-87,New York
49-78,New York
49-78,New York
49-78,New York
49-78,New York
49-92,New York
48-98,New York
46-104,New York
46-104,New York
46-104,New York
45-81,New York
44-80,New York
44-80,New York
44-80,New York
41-66,New York
39-81,New York
39-86,New York
39-86,New York
39-87,New York
39-87,New York
38-68,New York
38-68,New York
38-68,New York
36-71,New York
36-71,New York
12-111,New York
146-175,Ohio
136-164,Ohio
119-147,Ohio
111-175,Ohio
100-163,Ohio
100-163,Ohio
100-163,Ohio
100-163,Ohio
100-163,Ohio
100-163,Ohio
100-163,Ohio
100-163,Ohio
100-163,Ohio
100-163,Ohio
100-163,Ohio
100-163,Ohio
100-163,Ohio
100-163,Ohio
100-163,Ohio
100-163,Ohio
100-163,Ohio
100-163,Ohio
100-163,Ohio
100-163,Ohio
100-163,Ohio
100-163,Ohio
100-163,Ohio
100-163,Ohio
100-163,Ohio
100-163,Ohio
100-163,Ohio
100-163,Ohio
100-163,Ohio
98-160,Ohio
98-160,Ohio
98-160,Ohio
98-160,Ohio
98-160,Ohio
98-160,Ohio
98-160,Ohio
98-160,Ohio
98-160,Ohio
98-160,Ohio
98-160,Ohio
98-160,Ohio
98-160,Ohio
98-160,Ohio
98-160,Ohio
98-160,Ohio
98-160,Ohio
98-160,Ohio
98-160,Ohio
98-160,Ohio
98-160,Ohio
98-160,Ohio
98-160,Ohio
98-160,Ohio
98-160,Ohio
76-147,Ohio
74-140,Ohio
57-80,Ohio
55-112,Ohio
55-112,Ohio
55-112,Ohio
55-112,Ohio
55-112,Ohio
55-112,Ohio
55-112,Ohio
55-112,Ohio
55-112,Ohio
55-112,Ohio
55-112,Ohio
55-112,Ohio
55-112,Ohio
55-112,Ohio
55-112,Ohio
55-112,Ohio
55-112,Ohio
55-112,Ohio
55-112,Ohio
55-112,Ohio
55-112,Ohio
55-113,Ohio
55-113,Ohio
55-113,Ohio
55-113,Ohio
55-113,Ohio
55-113,Ohio
55-113,Ohio
55-113,Ohio
55-113,Ohio
55-113,Ohio
55-113,Ohio
55-113,Ohio
55-113,Ohio
55-113,Ohio
55-113,Ohio
55-113,Ohio
55-113,Ohio
55-113,Ohio
55-113,Ohio
55-113,Ohio
55-113,Ohio
55-113,Ohio
55-113,Ohio
55-113,Ohio
55-113,Ohio
55-113,Ohio
55-113,Ohio
55-113,Ohio
52-94,Ohio
52-94,Ohio
52-94,Ohio
52-94,Ohio
52-94,Ohio
52-94,Ohio
52-94,Ohio
52-94,Ohio
52-94,Ohio
52-94,Ohio
52-94,Ohio
52-94,Ohio
52-94,Ohio
52-94,Ohio
52-94,Ohio
52-94,Ohio
52-94,Ohio
52-94,Ohio
52-94,Ohio
52-94,Ohio
52-94,Ohio
52-94,Ohio
52-94,Ohio
52-94,Ohio
52-94,Ohio
52-94,Ohio
43-76,Ohio
43-76,Ohio
39-86,Ohio
39-86,Ohio
39-86,Ohio
39-86,Ohio
39-86,Ohio
39-86,Ohio
39-86,Ohio
39-86,Ohio
39-86,Ohio
39-86,Ohio
39-86,Ohio
39-86,Ohio
39-86,Ohio
39-86,Ohio
39-86,Ohio
39-86,Ohio
39-86,Ohio
39-86,Ohio
39-86,Ohio
39-86,Ohio
39-86,Ohio
39-86,Ohio
39-86,Ohio
39-86,Ohio
39-86,Ohio
39-86,Ohio
146-175,Pennsylvania
143-237,Pennsylvania
143-237,Pennsylvania
143-237,Pennsylvania
143-237,Pennsylvania
143-237,Pennsylvania
143-237,Pennsylvania
143-237,Pennsylvania
143-237,Pennsylvania
143-237,Pennsylvania
143-237,Pennsylvania
143-237,Pennsylvania
143-237,Pennsylvania
110-169,Pennsylvania
99-174,Pennsylvania
94-166,Pennsylvania
94-166,Pennsylvania
94-166,Pennsylvania
94-166,Pennsylvania
94-166,Pennsylvania
94-166,Pennsylvania
94-166,Pennsylvania
94-166,Pennsylvania
94-166,Pennsylvania
94-166,Pennsylvania
94-166,Pennsylvania
94-166,Pennsylvania
94-166,Pennsylvania
94-166,Pennsylvania
94-166,Pennsylvania
94-166,Pennsylvania
94-166,Pennsylvania
94-166,Pennsylvania
94-166,Pennsylvania
94-166,Pennsylvania
94-166,Pennsylvania
94-166,Pennsylvania
94-166,Pennsylvania
94-166,Pennsylvania
93-151,Pennsylvania
93-151,Pennsylvania
93-151,Pennsylvania
93-151,Pennsylvania
93-151,Pennsylvania
93-151,Pennsylvania
93-151,Pennsylvania
93-151,Pennsylvania
93-151,Pennsylvania
93-151,Pennsylvania
93-151,Pennsylvania
93-151,Pennsylvania
93-151,Pennsylvania
93-151,Pennsylvania
93-151,Pennsylvania
93-151,Pennsylvania
93-151,Pennsylvania
93-151,Pennsylvania
76-122,Pennsylvania
71-117,Pennsylvania
71-117,Pennsylvania
71-117,Pennsylvania
71-117,Pennsylvania
71-117,Pennsylvania
71-117,Pennsylvania
71-117,Pennsylvania
71-117,Pennsylvania
71-117,Pennsylvania
71-117,Pennsylvania
71-117,Pennsylvania
71-117,Pennsylvania
71-117,Pennsylvania
71-117,Pennsylvania
71-117,Pennsylvania
71-117,Pennsylvania
71-117,Pennsylvania
71-117,Pennsylvania
71-117,Pennsylvania
71-117,Pennsylvania
71-117,Pennsylvania
71-117,Pennsylvania
71-122,Pennsylvania
71-122,Pennsylvania
71-122,Pennsylvania
71-122,Pennsylvania
71-122,Pennsylvania
71-122,Pennsylvania
71-122,Pennsylvania
71-122,Pennsylvania
71-122,Pennsylvania
71-122,Pennsylvania
71-122,Pennsylvania
71-122,Pennsylvania
71-122,Pennsylvania
71-122,Pennsylvania
71-122,Pennsylvania
71-122,Pennsylvania
71-122,Pennsylvania
71-122,Pennsylvania
71-122,Pennsylvania
71-122,Pennsylvania
70-154,Pennsylvania
70-154,Pennsylvania
70-154,Pennsylvania
70-154,Pennsylvania
70-154,Pennsylvania
70-154,Pennsylvania
70-154,Pennsylvania
70-154,Pennsylvania
70-154,Pennsylvania
70-154,Pennsylvania
70-154,Pennsylvania
68-89,Pennsylvania
68-89,Pennsylvania
68-89,Pennsylvania
68-89,Pennsylvania
68-89,Pennsylvania
68-89,Pennsylvania
68-89,Pennsylvania
65-100,Pennsylvania
65-100,Pennsylvania
65-100,Pennsylvania
65-100,Pennsylvania
65-100,Pennsylvania
65-100,Pennsylvania
65-100,Pennsylvania
65-100,Pennsylvania
65-100,Pennsylvania
65-100,Pennsylvania
65-100,Pennsylvania
65-100,Pennsylvania
65-100,Pennsylvania
65-100,Pennsylvania
65-100,Pennsylvania
65-100,Pennsylvania
65-100,Pennsylvania
65-100,Pennsylvania
65-100,Pennsylvania
65-100,Pennsylvania
65-100,Pennsylvania
65-100,Pennsylvania
65-100,Pennsylvania
65-100,Pennsylvania
65-100,Pennsylvania
65-100,Pennsylvania
60-124,Pennsylvania
55-101,Pennsylvania
55-101,Pennsylvania
55-101,Pennsylvania
55-101,Pennsylvania
55-101,Pennsylvania
55-101,Pennsylvania
55-101,Pennsylvania
55-101,Pennsylvania
55-101,Pennsylvania
55-101,Pennsylvania
55-101,Pennsylvania
55-101,Pennsylvania
55-101,Pennsylvania
55-101,Pennsylvania
55-101,Pennsylvania
50-87,Pennsylvania
50-87,Pennsylvania
50-87,Pennsylvania
50-87,Pennsylvania
50-87,Pennsylvania
50-87,Pennsylvania
50-87,Pennsylvania
50-87,Pennsylvania
50-87,Pennsylvania
50-87,Pennsylvania
50-87,Pennsylvania
50-87,Pennsylvania
50-87,Pennsylvania
50-87,Pennsylvania
50-87,Pennsylvania
50-87,Pennsylvania
50-87,Pennsylvania
50-87,Pennsylvania
50-87,Pennsylvania
50-87,Pennsylvania
50-87,Pennsylvania
50-87,Pennsylvania
46-82,Pennsylvania
46-83,Pennsylvania
46-83,Pennsylvania
46-83,Pennsylvania
46-83,Pennsylvania
46-83,Pennsylvania
46-83,Pennsylvania
46-83,Pennsylvania
46-83,Pennsylvania
46-83,Pennsylvania
46-83,Pennsylvania
46-83,Pennsylvania
46-83,Pennsylvania
46-83,Pennsylvania
46-83,Pennsylvania
46-83,Pennsylvania
46-83,Pennsylvania
46-83,Pennsylvania
46-83,Pennsylvania
46-83,Pennsylvania
46-83,Pennsylvania
46-83,Pennsylvania
46-83,Pennsylvania
46-83,Pennsylvania
46-83,Pennsylvania
46-83,Pennsylvania
46-83,Pennsylvania
46-83,Pennsylvania
45-106,Pennsylvania
45-106,Pennsylvania
45-106,Pennsylvania
45-106,Pennsylvania
45-106,Pennsylvania
45-106,Pennsylvania
45-106,Pennsylvania
45-106,Pennsylvania
45-106,Pennsylvania
45-106,Pennsylvania
45-106,Pennsylvania
45-106,Pennsylvania
45-106,Pennsylvania
45-106,Pennsylvania
45-106,Pennsylvania
45-106,Pennsylvania
44-80,Pennsylvania
44-80,Pennsylvania
44-80,Pennsylvania
44-80,Pennsylvania
44-80,Pennsylvania
44-80,Pennsylvania
44-80,Pennsylvania
44-80,Pennsylvania
44-80,Pennsylvania
44-80,Pennsylvania
44-80,Pennsylvania
44-80,Pennsylvania
44-80,Pennsylvania
44-80,Pennsylvania
44-80,Pennsylvania
44-80,Pennsylvania
44-80,Pennsylvania
44-80,Pennsylvania
44-80,Pennsylvania
44-80,Pennsylvania
44-80,Pennsylvania
41-74,Pennsylvania
39-69,Pennsylvania
38-59,Pennsylvania
150-237,Texas
145-176,Texas
145-176,Texas
143-237,Texas
143-237,Texas
138-217,Texas
138-217,Texas
138-217,Texas
138-217,Texas
138-217,Texas
138-217,Texas
138-217,Texas
138-217,Texas
138-217,Texas
138-217,Texas
138-217,Texas
138-217,Texas
138-217,Texas
138-217,Texas
138-217,Texas
138-217,Texas
138-217,Texas
138-217,Texas
138-217,Texas
138-217,Texas
138-217,Texas
138-217,Texas
138-217,Texas
138-217,Texas
138-217,Texas
138-217,Texas
138-217,Texas
134-210,Texas
134-210,Texas
134-210,Texas
134-210,Texas
134-210,Texas
134-210,Texas
134-210,Texas
134-210,Texas
134-210,Texas
134-210,Texas
134-210,Texas
134-210,Texas
134-210,Texas
134-210,Texas
134-210,Texas
134-210,Texas
134-210,Texas
134-210,Texas
134-210,Texas
134-210,Texas
134-210,Texas
134-210,Texas
134-210,Texas
134-210,Texas
134-210,Texas
134-210,Texas
132-208,Texas
132-208,Texas
116-181,Texas
116-181,Texas
116-181,Texas
116-181,Texas
116-181,Texas
116-181,Texas
116-181,Texas
116-181,Texas
116-181,Texas
116-181,Texas
116-181,Texas
116-181,Texas
116-181,Texas
116-181,Texas
116-181,Texas
116-181,Texas
116-181,Texas
116-181,Texas
116-181,Texas
116-181,Texas
116-181,Texas
116-181,Texas
116-181,Texas
116-181,Texas
116-181,Texas
116-181,Texas
116-181,Texas
114-144,Texas
114-144,Texas
114-144,Texas
114-144,Texas
114-144,Texas
114-144,Texas
114-144,Texas
114-144,Texas
114-144,Texas
114-144,Texas
114-144,Texas
114-144,Texas
114-144,Texas
114-144,Texas
114-144,Texas
114-144,Texas
114-144,Texas
114-144,Texas
114-144,Texas
114-144,Texas
114-144,Texas
114-144,Texas
114-144,Texas
114-144,Texas
114-144,Texas
114-144,Texas
114-144,Texas
114-144,Texas
114-144,Texas
114-185,Texas
114-185,Texas
114-185,Texas
114-185,Texas
114-185,Texas
114-185,Texas
114-185,Texas
113-184,Texas
112-178,Texas
112-178,Texas
112-178,Texas
112-178,Texas
112-178,Texas
112-178,Texas
112-178,Texas
112-178,Texas
112-178,Texas
112-178,Texas
112-178,Texas
112-178,Texas
112-178,Texas
112-178,Texas
112-178,Texas
112-178,Texas
112-178,Texas
112-178,Texas
112-178,Texas
112-178,Texas
112-178,Texas
112-178,Texas
112-178,Texas
111-175,Texas
100-152,Texas
100-152,Texas
100-152,Texas
100-152,Texas
100-152,Texas
100-152,Texas
100-152,Texas
100-152,Texas
100-152,Texas
100-152,Texas
100-152,Texas
100-152,Texas
100-152,Texas
100-152,Texas
100-152,Texas
100-152,Texas
100-152,Texas
100-152,Texas
100-152,Texas
100-152,Texas
100-152,Texas
100-152,Texas
100-152,Texas
100-152,Texas
100-152,Texas
100-152,Texas
100-172,Texas
100-172,Texas
100-172,Texas
100-172,Texas
100-172,Texas
100-172,Texas
100-172,Texas
100-172,Texas
100-172,Texas
100-172,Texas
100-172,Texas
100-172,Texas
100-172,Texas
100-172,Texas
100-172,Texas
100-172,Texas
100-172,Texas
100-172,Texas
100-172,Texas
100-172,Texas
100-172,Texas
100-172,Texas
100-172,Texas
100-172,Texas
100-172,Texas
100-172,Texas
98-152,Texas
96-155,Texas
96-155,Texas
96-155,Texas
94-151,Texas
93-103,Texas
93-103,Texas
93-103,Texas
93-103,Texas
93-103,Texas
93-103,Texas
93-103,Texas
93-103,Texas
93-151,Texas
93-151,Texas
93-151,Texas
93-151,Texas
93-151,Texas
93-151,Texas
93-151,Texas
93-151,Texas
93-151,Texas
93-151,Texas
93-151,Texas
93-151,Texas
93-151,Texas
93-151,Texas
93-151,Texas
93-151,Texas
93-151,Texas
93-151,Texas
93-151,Texas
93-151,Texas
93-151,Texas
92-144,Texas
90-175,Texas
90-175,Texas
90-175,Texas
90-175,Texas
90-175,Texas
90-175,Texas
90-175,Texas
90-175,Texas
90-175,Texas
90-175,Texas
90-175,Texas
90-175,Texas
90-175,Texas
90-175,Texas
90-175,Texas
90-175,Texas
90-175,Texas
90-175,Texas
90-175,Texas
90-175,Texas
90-175,Texas
90-175,Texas
90-175,Texas
90-175,Texas
90-175,Texas
90-175,Texas
90-175,Texas
85-147,Texas
85-147,Texas
85-147,Texas
85-147,Texas
85-147,Texas
85-147,Texas
85-147,Texas
85-147,Texas
85-147,Texas
85-147,Texas
85-159,Texas
85-159,Texas
85-159,Texas
85-159,Texas
85-159,Texas
85-159,Texas
85-159,Texas
85-159,Texas
85-159,Texas
85-159,Texas
85-159,Texas
85-159,Texas
85-159,Texas
85-159,Texas
85-159,Texas
85-159,Texas
85-159,Texas
85-159,Texas
85-159,Texas
85-159,Texas
85-159,Texas
85-159,Texas
85-159,Texas
85-159,Texas
85-159,Texas
85-159,Texas
84-101,Texas
84-156,Texas
84-156,Texas
83-165,Texas
82-129,Texas
82-129,Texas
82-129,Texas
82-129,Texas
82-129,Texas
82-129,Texas
82-129,Texas
82-129,Texas
82-129,Texas
82-129,Texas
82-129,Texas
82-129,Texas
82-129,Texas
82-129,Texas
82-129,Texas
82-129,Texas
82-129,Texas
82-129,Texas
82-129,Texas
82-129,Texas
82-129,Texas
82-129,Texas
82-129,Texas
82-129,Texas
82-129,Texas
82-129,Texas
82-129,Texas
82-129,Texas
82-141,Texas
74-129,Texas
74-140,Texas
74-140,Texas
74-144,Texas
74-144,Texas
74-144,Texas
74-144,Texas
74-144,Texas
74-144,Texas
74-144,Texas
74-144,Texas
74-144,Texas
74-144,Texas
74-144,Texas
74-144,Texas
74-144,Texas
74-144,Texas
74-144,Texas
74-144,Texas
74-144,Texas
74-144,Texas
74-144,Texas
74-144,Texas
74-144,Texas
74-144,Texas
73-102,Texas
73-102,Texas
73-102,Texas
73-102,Texas
73-102,Texas
73-102,Texas
73-102,Texas
73-102,Texas
73-102,Texas
73-102,Texas
73-102,Texas
73-102,Texas
73-102,Texas
73-102,Texas
73-102,Texas
73-102,Texas
73-102,Texas
73-102,Texas
73-102,Texas
73-102,Texas
73-102,Texas
73-102,Texas
73-102,Texas
73-102,Texas
73-102,Texas
73-102,Texas
73-102,Texas
73-111,Texas
73-111,Texas
73-111,Texas
73-111,Texas
73-111,Texas
73-111,Texas
73-111,Texas
73-111,Texas
73-111,Texas
73-111,Texas
73-111,Texas
73-111,Texas
73-111,Texas
73-111,Texas
73-111,Texas
73-111,Texas
73-111,Texas
73-111,Texas
73-111,Texas
73-111,Texas
73-111,Texas
73-111,Texas
73-111,Texas
73-111,Texas
73-136,Texas
73-136,Texas
73-136,Texas
73-136,Texas
73-136,Texas
73-136,Texas
73-136,Texas
73-136,Texas
73-136,Texas
73-136,Texas
73-136,Texas
73-136,Texas
73-136,Texas
73-136,Texas
73-136,Texas
73-136,Texas
73-136,Texas
73-136,Texas
73-136,Texas
73-136,Texas
73-136,Texas
73-136,Texas
73-136,Texas
73-136,Texas
72-97,Texas
72-97,Texas
72-97,Texas
72-97,Texas
72-97,Texas
72-97,Texas
72-97,Texas
72-97,Texas
72-97,Texas
72-97,Texas
72-97,Texas
72-97,Texas
72-97,Texas
72-97,Texas
72-97,Texas
72-97,Texas
72-97,Texas
72-97,Texas
72-97,Texas
72-97,Texas
72-97,Texas
72-97,Texas
72-97,Texas
72-97,Texas
72-97,Texas
72-97,Texas
72-97,Texas
70-129,Texas
70-129,Texas
70-129,Texas
70-129,Texas
70-129,Texas
70-129,Texas
70-129,Texas
70-129,Texas
70-129,Texas
70-129,Texas
70-129,Texas
70-129,Texas
70-129,Texas
70-129,Texas
70-129,Texas
70-129,Texas
70-129,Texas
70-129,Texas
70-129,Texas
70-129,Texas
70-129,Texas
68-89,Texas
68-89,Texas
64-97,Texas
62-112,Texas
62-112,Texas
62-112,Texas
62-112,Texas
62-112,Texas
62-112,Texas
62-112,Texas
62-112,Texas
62-112,Texas
62-112,Texas
62-112,Texas
62-112,Texas
62-112,Texas
62-112,Texas
62-112,Texas
62-112,Texas
62-112,Texas
62-112,Texas
62-112,Texas
62-112,Texas
62-112,Texas
62-112,Texas
62-112,Texas
62-112,Texas
62-112,Texas
62-112,Texas
59-113,Texas
59-113,Texas
59-113,Texas
59-113,Texas
59-113,Texas
59-113,Texas
59-113,Texas
59-113,Texas
59-113,Texas
59-113,Texas
59-113,Texas
59-113,Texas
57-80,Texas
57-80,Texas
57-80,Texas
57-80,Texas
57-80,Texas
57-80,Texas
57-80,Texas
57-80,Texas
57-80,Texas
57-80,Texas
57-80,Texas
55-112,Texas
55-112,Texas
55-117,Texas
55-117,Texas
55-117,Texas
55-117,Texas
55-117,Texas
55-117,Texas
55-117,Texas
55-117,Texas
55-117,Texas
55-117,Texas
55-117,Texas
55-117,Texas
55-117,Texas
55-117,Texas
55-117,Texas
55-117,Texas
55-117,Texas
55-117,Texas
55-117,Texas
55-117,Texas
55-117,Texas
55-117,Texas
55-117,Texas
55-117,Texas
55-117,Texas
55-117,Texas
55-98,Texas
55-98,Texas
55-98,Texas
55-98,Texas
55-98,Texas
55-98,Texas
54-92,Texas
54-92,Texas
52-91,Texas
51-79,Texas
51-79,Texas
51-79,Texas
51-79,Texas
51-79,Texas
51-79,Texas
51-79,Texas
51-79,Texas
51-79,Texas
51-79,Texas
51-79,Texas
51-79,Texas
51-79,Texas
51-79,Texas
51-79,Texas
51-79,Texas
51-79,Texas
51-79,Texas
51-79,Texas
51-79,Texas
51-79,Texas
51-79,Texas
51-79,Texas
51-79,Texas
51-79,Texas
51-79,Texas
50-110,Texas
50-110,Texas
50-110,Texas
50-110,Texas
50-110,Texas
50-110,Texas
50-110,Texas
50-110,Texas
50-110,Texas
50-110,Texas
50-110,Texas
50-110,Texas
50-110,Texas
50-110,Texas
50-110,Texas
50-110,Texas
50-110,Texas
50-110,Texas
50-110,Texas
50-110,Texas
50-110,Texas
50-110,Texas
50-87,Texas
49-78,Texas
49-78,Texas
49-78,Texas
49-78,Texas
49-78,Texas
49-78,Texas
49-78,Texas
49-78,Texas
49-78,Texas
49-78,Texas
49-78,Texas
49-78,Texas
49-78,Texas
49-78,Texas
49-78,Texas
49-78,Texas
49-78,Texas
49-78,Texas
49-78,Texas
49-78,Texas
49-78,Texas
49-78,Texas
49-92,Texas
49-92,Texas
49-92,Texas
49-92,Texas
49-92,Texas
49-92,Texas
49-92,Texas
49-92,Texas
49-92,Texas
49-92,Texas
49-92,Texas
49-92,Texas
49-92,Texas
49-92,Texas
49-92,Texas
49-92,Texas
49-92,Texas
49-92,Texas
49-92,Texas
49-92,Texas
49-92,Texas
49-92,Texas
49-92,Texas
49-92,Texas
48-89,Texas
48-89,Texas
48-89,Texas
48-89,Texas
48-89,Texas
48-89,Texas
48-89,Texas
48-89,Texas
48-89,Texas
48-89,Texas
48-89,Texas
48-89,Texas
48-89,Texas
48-89,Texas
48-89,Texas
48-89,Texas
48-89,Texas
48-89,Texas
48-89,Texas
48-89,Texas
48-89,Texas
48-89,Texas
48-89,Texas
48-89,Texas
48-89,Texas
48-98,Texas
48-98,Texas
48-98,Texas
48-98,Texas
48-98,Texas
48-98,Texas
48-98,Texas
48-98,Texas
48-98,Texas
48-98,Texas
48-98,Texas
48-98,Texas
48-98,Texas
48-98,Texas
48-98,Texas
48-98,Texas
48-98,Texas
48-98,Texas
48-98,Texas
48-98,Texas
48-98,Texas
48-98,Texas
48-98,Texas
48-98,Texas
48-98,Texas
48-98,Texas
47-73,Texas
47-84,Texas
47-84,Texas
47-84,Texas
47-84,Texas
47-84,Texas
46-104,Texas
46-104,Texas
46-104,Texas
46-104,Texas
46-91,Texas
46-91,Texas
46-91,Texas
46-91,Texas
46-91,Texas
46-91,Texas
46-91,Texas
46-91,Texas
46-91,Texas
46-91,Texas
46-91,Texas
46-91,Texas
46-91,Texas
46-91,Texas
46-91,Texas
46-91,Texas
46-91,Texas
46-91,Texas
46-91,Texas
46-91,Texas
46-91,Texas
46-91,Texas
46-91,Texas
46-91,Texas
46-91,Texas
46-91,Texas
46-91,Texas
46-91,Texas
46-91,Texas
46-91,Texas
45-78,Texas
45-78,Texas
45-78,Texas
45-78,Texas
45-78,Texas
45-78,Texas
45-78,Texas
45-78,Texas
45-78,Texas
45-78,Texas
45-78,Texas
45-78,Texas
45-78,Texas
45-78,Texas
45-78,Texas
45-78,Texas
45-78,Texas
45-78,Texas
45-78,Texas
45-81,Texas
44-80,Texas
43-76,Texas
43-76,Texas
41-66,Texas
41-66,Texas
41-66,Texas
41-66,Texas
41-66,Texas
41-66,Texas
41-66,Texas
41-66,Texas
41-66,Texas
41-66,Texas
41-66,Texas
39-71,Texas
39-71,Texas
39-71,Texas
39-71,Texas
39-87,Texas
39-87,Texas
39-87,Texas
39-87,Texas
39-87,Texas
39-87,Texas
39-87,Texas
39-87,Texas
39-87,Texas
39-87,Texas
39-87,Texas
39-87,Texas
39-87,Texas
39-87,Texas
39-87,Texas
39-87,Texas
39-87,Texas
39-87,Texas
39-87,Texas
39-87,Texas
39-87,Texas
39-87,Texas
39-87,Texas
39-87,Texas
39-87,Texas
39-87,Texas
39-87,Texas
38-68,Texas
38-68,Texas
38-68,Texas
38-68,Texas
38-68,Texas
38-68,Texas
38-68,Texas
38-68,Texas
38-68,Texas
38-68,Texas
38-68,Texas
38-68,Texas
38-68,Texas
38-68,Texas
38-68,Texas
38-68,Texas
38-68,Texas
38-68,Texas
36-71,Texas
36-71,Texas
36-71,Texas
36-71,Texas
36-71,Texas
36-71,Texas
36-71,Texas
36-71,Texas
36-71,Texas
36-71,Texas
36-71,Texas
36-71,Texas
36-71,Texas
36-71,Texas
36-71,Texas
36-71,Texas
36-71,Texas
36-71,Texas
36-71,Texas
36-71,Texas
36-71,Texas
36-71,Texas
36-71,Texas
36-71,Texas
36-71,Texas
12-111,Texas
12-111,Texas
12-111,Texas
12-111,Texas
12-111,Texas
12-111,Texas
12-111,Texas
12-111,Texas
12-111,Texas
12-111,Texas
12-111,Texas
12-111,Texas
12-111,Texas
12-111,Texas
12-111,Texas
12-111,Texas
12-111,Texas
12-111,Texas
12-111,Texas
12-111,Texas
12-111,Texas
12-111,Texas
12-111,Texas
12-111,Texas
12-111,Texas
12-111,Texas
12-111,Texas
12-111,Texas
12-111,Texas
12-112,Texas
12-112,Texas
12-112,Texas
12-112,Texas
12-112,Texas
12-112,Texas
12-112,Texas
12-112,Texas
12-112,Texas
12-112,Texas
12-112,Texas
12-112,Texas
12-112,Texas
12-112,Texas
12-112,Texas
12-112,Texas
12-112,Texas
12-112,Texas
12-112,Texas
12-112,Texas
12-112,Texas
12-112,Texas
12-112,Texas
12-112,Texas
12-112,Texas
12-112,Texas
12-112,Texas
12-112,Texas
146-175,United Kingdom
143-237,United Kingdom
143-237,United Kingdom
133-171,United Kingdom
119-147,United Kingdom
119-188,United Kingdom
116-152,United Kingdom
113-180,United Kingdom
112-211,United Kingdom
111-175,United Kingdom
111-181,United Kingdom
102-121,United Kingdom
102-121,United Kingdom
94-166,United Kingdom
86-178,United Kingdom
83-165,United Kingdom
75-143,United Kingdom
74-124,United Kingdom
74-140,United Kingdom
68-89,United Kingdom
55-101,United Kingdom
50-87,United Kingdom
46-83,United Kingdom
45-106,United Kingdom
39-69,United Kingdom
34-72,United Kingdom
