$111K-$181K , 3.5
$111K-$181K , 3.5
$111K-$181K , 4.5
$111K-$181K , 1.0
$111K-$181K , 3.4
$111K-$181K , 3.4
$111K-$181K , 2.9
$111K-$181K , 4.4
$111K-$181K , 1.0
$111K-$181K , 5.0
$111K-$181K , 4.8
$111K-$181K , 3.9
$111K-$181K , 4.4
$111K-$181K , 4.3
$111K-$181K , 3.9
$111K-$181K , 4.4
$111K-$181K , 3.6
$111K-$181K , 3.6
$111K-$181K , 3.3
$111K-$181K , 3.6
$111K-$181K , 4.0
$111K-$181K , 4.0
$111K-$181K , 3.4
$111K-$181K , 4.1
$111K-$181K , 3.4
$111K-$181K , 3.8
$111K-$181K , 4.1
$111K-$181K , 4.1
$111K-$181K , 3.3
$111K-$181K , 5.0
$120K-$140K , 4.3
$120K-$140K , 4.3
$120K-$140K , 3.7
$120K-$140K , 3.0
$120K-$140K , 3.0
$120K-$140K , 3.7
$120K-$140K , 3.4
$120K-$140K , 3.5
$120K-$140K , 4.2
$120K-$140K , 3.5
$120K-$140K , 4.3
$120K-$140K , 4.3
$120K-$140K , 4.1
$120K-$140K , 4.3
$120K-$140K , 4.5
$120K-$140K , 1.0
$120K-$140K , 3.4
$120K-$140K , 3.4
$120K-$140K , 4.7
$120K-$140K , 3.6
$120K-$140K , 3.5
$120K-$140K , 3.9
$120K-$140K , 3.9
$120K-$140K , 3.2
$120K-$140K , 1.0
$120K-$140K , 1.0
$120K-$140K , 4.2
$120K-$140K , 4.2
$120K-$140K , 3.6
$120K-$140K , 3.9
$119K-$147K , 3.9
$119K-$147K , 3.8
$119K-$147K , 1.0
$119K-$147K , 5.0
$119K-$147K , 1.0
$119K-$147K , 3.4
$119K-$147K , 3.9
$119K-$147K , 4.4
$119K-$147K , 3.0
$119K-$147K , 4.0
$119K-$147K , 3.9
$119K-$147K , 3.9
$119K-$147K , 3.9
$119K-$147K , 4.1
$74K-$124K , 4.1
$74K-$124K , 4.4
$74K-$124K , 2.9
$74K-$124K , 4.0
$74K-$124K , 4.0
$74K-$124K , 4.4
$74K-$124K , 3.8
$74K-$124K , 3.8
$74K-$124K , 1.0
$74K-$124K , 4.5
$74K-$124K , 4.3
$74K-$124K , 4.5
$74K-$124K , 1.0
$74K-$124K , 3.9
$74K-$124K , 3.3
$74K-$124K , 1.0
$74K-$124K , 1.0
$74K-$124K , 3.8
$74K-$124K , 3.6
$74K-$124K , 3.3
$74K-$124K , 4.1
$74K-$124K , 2.8
$74K-$124K , 1.0
$74K-$124K , 3.4
$74K-$124K , 3.4
$74K-$124K , 2.9
$74K-$124K , 4.8
$74K-$124K , 3.9
$74K-$124K , 3.8
$74K-$124K , 5.0
$102K-$121K , 4.7
$102K-$121K , 4.7
$102K-$121K , 1.0
$102K-$121K , 2.8
$102K-$121K , 4.2
$102K-$121K , 4.0
$102K-$121K , 4.9
$102K-$121K , 4.0
$102K-$121K , 3.4
$102K-$121K , 2.7
$102K-$121K , 3.4
$102K-$121K , 3.3
$102K-$121K , 3.3
$102K-$121K , 2.5
$102K-$121K , 1.0
$102K-$121K , 4.4
$102K-$121K , 4.4
$102K-$121K , 4.1
$102K-$121K , 4.8
$102K-$121K , 3.6
$102K-$121K , 3.8
$102K-$121K , 5.0
$102K-$121K , 3.9
$102K-$121K , 4.5
$102K-$121K , 4.4
$102K-$121K , 1.0
$102K-$121K , 1.0
$102K-$121K , 4.0
$102K-$121K , 1.0
$102K-$121K , 3.6
$129K-$210K , 3.7
$129K-$210K , 3.4
$129K-$210K , 4.7
$129K-$210K , 3.8
$129K-$210K , 4.9
$129K-$210K , 3.4
$129K-$210K , 3.4
$129K-$210K , 3.9
$129K-$210K , 4.4
$129K-$210K , 1.0
$129K-$210K , 3.9
$129K-$210K , 1.0
$129K-$210K , 4.8
$129K-$210K , 5.0
$129K-$210K , 4.0
$129K-$210K , 5.0
$129K-$210K , 3.8
$129K-$210K , 3.8
$129K-$210K , 1.0
$129K-$210K , 3.3
$129K-$210K , 2.8
$129K-$210K , 4.0
$129K-$210K , 1.0
$129K-$210K , 3.6
$129K-$210K , 1.0
$129K-$210K , 3.7
$129K-$210K , 1.0
$129K-$210K , 3.9
$129K-$210K , 4.2
$129K-$210K , 1.9
$156K-$254K , 3.5
$156K-$254K , 3.8
$156K-$254K , 4.4
$156K-$254K , 5.0
$156K-$254K , 3.4
$156K-$254K , 1.3
$156K-$254K , 3.4
$156K-$254K , 3.5
$156K-$254K , 1.0
$156K-$254K , 4.0
$156K-$254K , 3.4
$156K-$254K , 1.0
$156K-$254K , 3.6
$156K-$254K , 3.0
$156K-$254K , 5.0
$156K-$254K , 4.1
$156K-$254K , 1.0
$156K-$254K , 4.5
$156K-$254K , 4.2
$156K-$254K , 1.0
$156K-$254K , 5.0
$156K-$254K , 1.0
$156K-$254K , 1.0
$156K-$254K , 3.8
$156K-$254K , 1.0
$156K-$254K , 1.0
$156K-$254K , 4.1
$156K-$254K , 3.6
$156K-$254K , 1.0
$156K-$254K , 3.1
$119K-$147K , 1.0
$119K-$147K , 3.4
$119K-$147K , 3.6
$119K-$147K , 4.6
$119K-$147K , 4.0
$119K-$147K , 4.7
$119K-$147K , 4.4
$119K-$147K , 4.0
$119K-$147K , 3.6
$119K-$147K , 4.1
$119K-$147K , 1.6
$119K-$147K , 1.6
$119K-$147K , 3.5
$119K-$147K , 4.0
$119K-$147K , 4.0
$119K-$147K , 3.5
$119K-$147K , 5.0
$119K-$147K , 5.0
$119K-$147K , 4.0
$119K-$147K , 3.5
$119K-$147K , 3.4
$119K-$147K , 3.6
$119K-$147K , 3.2
$119K-$147K , 1.0
$119K-$147K , 5.0
$119K-$147K , 5.0
$119K-$147K , 3.9
$119K-$147K , 4.2
$119K-$147K , 3.7
$119K-$147K , 3.1
$116K-$152K , 3.8
$116K-$152K , 3.9
$116K-$152K , 1.0
$116K-$152K , 4.1
$116K-$152K , 3.8
$116K-$152K , 3.8
$116K-$152K , 3.7
$116K-$152K , 4.4
$116K-$152K , 3.9
$116K-$152K , 5.0
$116K-$152K , 3.9
$116K-$152K , 3.6
$116K-$152K , 4.2
$116K-$152K , 3.9
$116K-$152K , 4.3
$116K-$152K , 3.5
$116K-$152K , 4.0
$116K-$152K , 4.0
$133K-$171K , 3.0
$133K-$171K , 4.0
$133K-$171K , 4.0
$133K-$171K , 3.5
$133K-$171K , 3.5
$133K-$171K , 4.4
$133K-$171K , 4.4
$133K-$171K , 1.0
$133K-$171K , 2.6
$133K-$171K , 3.6
$133K-$171K , 4.1
$133K-$171K , 4.1
$133K-$171K , 1.0
$110K-$139K , 3.3
$110K-$139K , 3.5
$110K-$139K , 1.0
$110K-$139K , 4.1
$110K-$139K , 3.2
$110K-$139K , 4.0
$110K-$139K , 4.0
$110K-$139K , 3.6
$110K-$139K , 3.8
$110K-$139K , 3.9
$110K-$139K , 4.4
$110K-$139K , 3.6
$110K-$139K , 3.9
$110K-$139K , 1.0
$110K-$139K , 4.1
$110K-$139K , 4.1
$110K-$139K , 1.0
$110K-$139K , 4.4
$110K-$139K , 3.7
$110K-$139K , 2.5
$82K-$141K , 4.9
$82K-$141K , 3.6
$82K-$141K , 3.6
$82K-$141K , 3.3
$82K-$141K , 3.6
$82K-$141K , 5.0
$82K-$141K , 3.8
$82K-$141K , 4.8
$82K-$141K , 4.1
$82K-$141K , 4.4
$82K-$141K , 3.3
$82K-$141K , 3.7
$82K-$141K , 4.1
$82K-$141K , 4.5
$82K-$141K , 3.6
$82K-$141K , 3.2
$82K-$141K , 3.2
$82K-$141K , 3.8
$82K-$141K , 4.1
$82K-$141K , 4.8
$82K-$141K , 3.9
$82K-$141K , 3.6
$82K-$141K , 3.9
$82K-$141K , 1.0
$82K-$141K , 4.4
$82K-$141K , 3.9
$96K-$119K , 4.8
$96K-$119K , 3.9
$96K-$119K , 3.6
$96K-$119K , 5.0
$96K-$119K , 4.9
$96K-$119K , 1.0
$96K-$119K , 1.0
$96K-$119K , 3.8
$96K-$119K , 3.8
$96K-$119K , 3.4
$96K-$119K , 3.2
$96K-$119K , 4.0
$96K-$119K , 3.9
$96K-$119K , 4.9
$96K-$119K , 3.4
$96K-$119K , 4.8
$96K-$119K , 4.4
$96K-$119K , 4.7
$96K-$119K , 1.0
$96K-$119K , 2.8
$96K-$119K , 1.0
$96K-$119K , 3.7
$96K-$119K , 3.7
$96K-$119K , 5.0
$96K-$119K , 3.7
$96K-$119K , 4.4
$96K-$119K , 3.4
$96K-$119K , 3.7
$146K-$175K , 1.0
$146K-$175K , 4.0
$146K-$175K , 2.9
$102K-$164K , 2.1
$102K-$164K , 4.5
$102K-$164K , 3.8
$102K-$164K , 3.9
$102K-$164K , 4.0
$102K-$164K , 4.0
$102K-$164K , 3.7
$102K-$164K , 3.1
$102K-$164K , 3.1
$102K-$164K , 3.8
$102K-$164K , 4.6
$102K-$164K , 4.4
$102K-$164K , 2.3
$102K-$164K , 3.6
$102K-$164K , 3.6
$102K-$164K , 3.9
$102K-$164K , 3.7
$102K-$164K , 4.7
$102K-$164K , 4.2
$102K-$164K , 4.7
$102K-$164K , 3.9
$102K-$164K , 3.4
$102K-$164K , 3.4
$102K-$164K , 3.2
$102K-$164K , 3.2
$102K-$164K , 4.5
$102K-$164K , 3.8
$102K-$164K , 1.0
$102K-$164K , 3.9
$102K-$164K , 3.6
$113K-$180K , 3.5
$113K-$180K , 3.7
$113K-$180K , 3.2
$113K-$180K , 1.0
$113K-$180K , 2.4
$113K-$180K , 5.0
$113K-$180K , 3.9
$113K-$180K , 4.2
$113K-$180K , 4.7
$113K-$180K , 3.7
$113K-$180K , 4.0
$113K-$180K , 3.9
$113K-$180K , 2.8
$113K-$180K , 1.0
$113K-$180K , 3.7
$113K-$180K , 3.3
$113K-$180K , 3.1
$113K-$180K , 7.2
$113K-$180K , 3.3
$113K-$180K , 1.0
$113K-$180K , 1.3
$113K-$180K , 3.5
$113K-$180K , 3.0
$113K-$180K , 1.0
$113K-$180K , 4.0
$113K-$180K , 5.0
$113K-$180K , 3.5
$113K-$180K , 3.9
$113K-$180K , 4.9
$113K-$180K , 3.6
$113K-$180K , 3.6
$113K-$180K , 4.2
$113K-$180K , 3.3
$113K-$180K , 3.7
$113K-$180K , 3.6
$113K-$180K , 4.5
$113K-$180K , 4.7
$113K-$180K , 3.1
$113K-$180K , 4.6
$113K-$180K , 2.1
$113K-$180K , 4.1
$113K-$180K , 5.0
$113K-$180K , 4.1
$113K-$180K , 4.6
$113K-$180K , 4.5
$113K-$180K , 4.5
$113K-$180K , 3.6
$113K-$180K , 3.9
$113K-$180K , 3.8
$113K-$180K , 1.0
$113K-$180K , 3.9
$113K-$180K , 3.6
$113K-$180K , 4.0
$113K-$180K , 1.0
$113K-$180K , 3.9
$113K-$180K , 3.8
$113K-$180K , 4.8
$113K-$180K , 1.0
$113K-$180K , 4.3
$113K-$180K , 5.0
$113K-$180K , 4.5
$76K-$122K , 3.9
$76K-$122K , 3.3
$76K-$122K , 3.8
$76K-$122K , 4.9
$76K-$122K , 3.9
$76K-$122K , 3.7
$76K-$122K , 1.0
$76K-$122K , 2.8
$76K-$122K , 4.4
$76K-$122K , 3.9
$76K-$122K , 4.7
$76K-$122K , 3.2
$76K-$122K , 4.5
$76K-$122K , 5.0
$76K-$122K , 3.9
$76K-$122K , 3.5
$76K-$122K , 1.8
$76K-$122K , 3.1
$76K-$122K , 4.1
$76K-$122K , 3.4
$76K-$122K , 1.0
$76K-$122K , 3.9
$76K-$122K , 3.9
$76K-$122K , 2.3
$76K-$122K , 2.3
$76K-$122K , 3.1
$76K-$122K , 3.8
$76K-$122K , 1.0
$76K-$122K , 4.2
$76K-$122K , 3.4
$134K-$218K , 1.0
$134K-$218K , 4.0
$134K-$218K , 3.4
$134K-$218K , 4.0
$134K-$218K , 4.5
$134K-$218K , 4.5
$134K-$218K , 3.9
$134K-$218K , 3.6
$134K-$218K , 4.0
$134K-$218K , 5.0
$134K-$218K , 3.7
$134K-$218K , 3.7
$134K-$218K , 3.8
$134K-$218K , 3.5
$134K-$218K , 3.6
$134K-$218K , 3.5
$134K-$218K , 1.8
$134K-$218K , 3.1
$134K-$218K , 3.2
$134K-$218K , 3.8
$134K-$218K , 3.8
$134K-$218K , 5.0
$134K-$218K , 3.7
$134K-$218K , 3.7
$134K-$218K , 3.3
$134K-$218K , 3.3
$134K-$218K , 3.6
$134K-$218K , 3.6
$134K-$218K , 1.0
$134K-$218K , 3.5
$76K-$125K , 3.5
$76K-$125K , 4.7
$76K-$125K , 4.6
$76K-$125K , 3.9
$76K-$125K , 4.1
$76K-$125K , 4.2
$76K-$125K , 3.7
$76K-$125K , 3.7
$76K-$125K , 3.6
$76K-$125K , 3.6
$76K-$125K , 4.5
$76K-$125K , 1.0
$76K-$125K , 3.6
$76K-$125K , 3.8
$76K-$125K , 4.3
$76K-$125K , 4.3
$76K-$125K , 1.6
$76K-$125K , 1.6
$76K-$125K , 4.9
$76K-$125K , 1.0
$76K-$125K , 4.0
$76K-$125K , 5.0
$76K-$125K , 3.7
$76K-$125K , 3.7
$76K-$125K , 5.0
$76K-$125K , 3.8
$76K-$125K , 2.5
$76K-$125K , 4.0
$76K-$125K , 3.3
$76K-$125K , 1.0
$132K-$208K , 3.9
$132K-$208K , 3.7
$132K-$208K , 3.7
$132K-$208K , 3.8
$132K-$208K , 1.6
$132K-$208K , 1.6
$132K-$208K , 3.8
$132K-$208K , 3.6
$132K-$208K , 3.7
$132K-$208K , 8.4
$132K-$208K , 3.5
$132K-$208K , 3.4
$132K-$208K , 4.4
$132K-$208K , 4.4
$132K-$208K , 4.4
$132K-$208K , 3.6
$132K-$208K , 4.9
$132K-$208K , 1.0
$132K-$208K , 3.1
$132K-$208K , 5.0
$132K-$208K , 3.9
$132K-$208K , 1.0
$132K-$208K , 3.3
$132K-$208K , 1.0
$132K-$208K , 3.4
$132K-$208K , 3.7
$132K-$208K , 3.8
$132K-$208K , 3.7
$132K-$208K , 3.7
$132K-$208K , 3.4
$83K-$105K , 4.0
$83K-$105K , 4.0
$83K-$105K , 3.7
$83K-$105K , 1.0
$83K-$105K , 1.0
$83K-$105K , 3.9
$83K-$105K , 3.7
$83K-$105K , 4.0
$83K-$105K , 4.3
$83K-$105K , 3.2
$83K-$105K , 3.9
$83K-$105K , 3.7
$83K-$105K , 4.0
$83K-$105K , 3.6
$83K-$105K , 3.1
$83K-$105K , 4.0
$83K-$105K , 4.0
$83K-$105K , 3.3
$83K-$105K , 1.0
$83K-$105K , 1.0
$83K-$105K , 1.0
$83K-$105K , 4.8
$83K-$105K , 4.8
$83K-$105K , 1.0
$83K-$105K , 4.2
$83K-$105K , 5.0
$83K-$105K , 3.2
$83K-$105K , 3.3
$83K-$105K , 2.5
$83K-$105K , 2.0
$75K-$143K , 4.1
$75K-$143K , 5.0
$75K-$143K , 5.0
$75K-$143K , 3.6
$75K-$143K , 3.1
$75K-$143K , 3.7
$75K-$143K , 4.0
$75K-$143K , 4.0
$75K-$143K , 3.9
$75K-$143K , 1.0
$75K-$143K , 4.0
$75K-$143K , 4.0
$75K-$143K , 3.1
$75K-$143K , 3.7
$75K-$143K , 1.0
$34K-$72K , 3.6
$34K-$72K , 2.8
$34K-$72K , 3.7
$34K-$72K , 3.9
$34K-$72K , 4.7
$34K-$72K , 3.4
$34K-$72K , 3.0
$34K-$72K , 3.9
$34K-$72K , 3.7
$34K-$72K , 2.6
$34K-$72K , 3.9
$34K-$72K , 2.4
$34K-$72K , 2.7
$34K-$72K , 2.7
$34K-$72K , 3.2
$34K-$72K , 1.0
$34K-$72K , 3.5
$34K-$72K , 3.3
$34K-$72K , 4.3
$37K-$75K , 3.6
$37K-$75K , 3.2
$37K-$75K , 5.0
$37K-$75K , 1.0
$37K-$75K , 3.7
$37K-$75K , 3.5
$37K-$75K , 3.7
$37K-$75K , 3.8
$37K-$75K , 3.7
$37K-$75K , 3.7
$37K-$75K , 2.6
$37K-$75K , 2.8
$37K-$75K , 4.1
$37K-$75K , 4.1
$37K-$75K , 3.6
$37K-$75K , 1.0
$37K-$75K , 3.2
$37K-$75K , 3.4
$37K-$75K , 3.7
$37K-$75K , 4.2
$37K-$75K , 4.7
$113K-$184K , 1.0
$113K-$184K , 2.8
$113K-$184K , 3.6
$113K-$184K , 3.1
$113K-$184K , 4.1
$113K-$184K , 3.7
$113K-$184K , 3.7
$113K-$184K , 3.5
$113K-$184K , 3.5
$113K-$184K , 3.2
$113K-$184K , 3.9
$113K-$184K , 3.8
$113K-$184K , 4.6
$113K-$184K , 1.0
$113K-$184K , 2.9
$113K-$184K , 2.8
$113K-$184K , 2.8
$113K-$184K , 5.0
$113K-$184K , 4.5
$113K-$184K , 4.1
$113K-$184K , 3.9
$113K-$184K , 3.4
$113K-$184K , 3.7
$113K-$184K , 3.7
$113K-$184K , 3.7
$113K-$184K , 3.3
$113K-$184K , 3.9
$113K-$184K , 4.7
$113K-$184K , 3.4
$136K-$164K , 4.3
$136K-$164K , 4.3
$136K-$164K , 3.6
$136K-$164K , 2.4
$136K-$164K , 1.0
$136K-$164K , 4.2
$136K-$164K , 4.4
$136K-$164K , 3.5
$136K-$164K , 3.5
$136K-$164K , 3.6
$136K-$164K , 5.0
$136K-$164K , 5.0
$136K-$164K , 2.4
$136K-$164K , 4.6
$136K-$164K , 4.4
$136K-$164K , 1.6
$136K-$164K , 0.0
$136K-$164K , 1.0
$136K-$164K , 1.0
$136K-$164K , 3.9
$136K-$164K , 5.0
$136K-$164K , 4.7
$136K-$164K , 1.0
$136K-$164K , 2.7
$136K-$164K , 3.0
$136K-$164K , 1.0
$136K-$164K , 2.1
$136K-$164K , 3.9
$46K-$80K , 3.4
$46K-$80K , 3.8
$46K-$80K , 4.1
$46K-$80K , 3.7
$46K-$80K , 3.8
$46K-$80K , 3.9
$46K-$80K , 3.9
$46K-$80K , 3.3
$46K-$80K , 4.3
$46K-$80K , 3.9
$46K-$80K , 3.7
$46K-$80K , 3.5
$46K-$80K , 4.1
$46K-$80K , 4.5
$46K-$80K , 2.2
$46K-$80K , 2.2
$46K-$80K , 3.4
$46K-$80K , 3.4
$46K-$80K , 3.4
$46K-$80K , 4.2
$46K-$80K , 5.0
$46K-$80K , 4.1
$46K-$80K , 3.0
$46K-$80K , 3.6
$46K-$80K , 3.6
$46K-$80K , 3.3
$46K-$80K , 4.9
$46K-$80K , 3.2
$46K-$80K , 3.4
$46K-$80K , 3.0
$79K-$130K , 3.0
$79K-$130K , 3.8
$79K-$130K , 3.6
$79K-$130K , 3.9
$79K-$130K , 3.2
$79K-$130K , 1.0
$79K-$130K , 5.0
$79K-$130K , 2.8
$79K-$130K , 3.8
$79K-$130K , 4.3
$79K-$130K , 4.7
$79K-$130K , 3.8
$79K-$130K , 5.0
$79K-$130K , 4.2
$79K-$130K , 4.0
$79K-$130K , 3.8
$79K-$130K , 2.6
$79K-$130K , 2.7
$79K-$130K , 4.6
$79K-$130K , 3.8
$79K-$130K , 3.5
$79K-$130K , 4.1
$79K-$130K , 3.8
$79K-$130K , 2.8
$79K-$130K , 4.2
$79K-$130K , 3.5
$79K-$130K , 4.7
$79K-$130K , 1.0
$79K-$130K , 3.8
$79K-$130K , 3.8
$91K-$105K , 3.8
$91K-$105K , 3.1
$91K-$105K , 3.8
$91K-$105K , 3.8
$91K-$105K , 3.2
$91K-$105K , 3.9
$91K-$105K , 3.9
$91K-$105K , 1.6
$91K-$105K , 1.6
$91K-$105K , 2.7
$91K-$105K , 3.7
$91K-$105K , 3.7
$91K-$105K , 3.3
$91K-$105K , 4.7
$91K-$105K , 3.5
$91K-$105K , 3.5
$91K-$105K , 3.6
$91K-$105K , 3.7
$91K-$105K , 3.9
$91K-$105K , 3.3
$91K-$105K , 3.3
$91K-$105K , 3.3
$91K-$105K , 3.8
$91K-$105K , 2.8
$91K-$105K , 3.6
$91K-$105K , 3.7
$91K-$105K , 4.5
$91K-$105K , 3.9
$91K-$105K , 1.0
$91K-$105K , 7.5
$31K-$56K , 4.0
$31K-$56K , 3.5
$31K-$56K , 3.2
$31K-$56K , 3.1
$31K-$56K , 3.2
$31K-$56K , 2.5
$31K-$56K , 3.2
$31K-$56K , 3.2
$31K-$56K , 4.7
$31K-$56K , 3.9
$31K-$56K , 8.1
$31K-$56K , 4.1
$31K-$56K , 4.7
$31K-$56K , 4.0
$31K-$56K , 4.0
$31K-$56K , 5.0
$31K-$56K , 3.5
$31K-$56K , 1.0
$31K-$56K , 1.0
$31K-$56K , 2.6
$31K-$56K , 3.5
$31K-$56K , 4.1
$31K-$56K , 4.7
$31K-$56K , 1.0
$31K-$56K , 3.7
$31K-$56K , 3.7
$31K-$56K , 3.8
$31K-$56K , 3.4
$31K-$56K , 3.4
$31K-$56K , 3.1
$39K-$81K , 3.1
$39K-$81K , 3.4
$39K-$81K , 4.1
$39K-$81K , 4.1
$39K-$81K , 3.9
$39K-$81K , 2.8
$39K-$81K , 4.5
$39K-$81K , 3.8
$39K-$81K , 4.8
$39K-$81K , 3.2
$39K-$81K , 3.9
$39K-$81K , 3.7
$39K-$81K , 3.3
$39K-$81K , 4.7
$39K-$81K , 3.3
$39K-$81K , 4.0
$39K-$81K , 4.6
$39K-$81K , 3.2
$39K-$81K , 3.3
$39K-$81K , 3.9
$39K-$81K , 3.7
$39K-$81K , 3.4
$39K-$81K , 1.0
$39K-$81K , 4.4
$39K-$81K , 4.4
$39K-$81K , 4.1
$39K-$81K , 3.5
$39K-$81K , 3.5
$39K-$81K , 3.8
$39K-$81K , 3.9
$99K-$174K , 1.0
$99K-$174K , 1.0
$99K-$174K , 3.8
$99K-$174K , 3.6
$99K-$174K , 4.8
$99K-$174K , 5.0
$99K-$174K , 3.7
$99K-$174K , 3.7
$99K-$174K , 3.7
$99K-$174K , 4.5
$99K-$174K , 4.5
$99K-$174K , 3.4
$99K-$174K , 3.9
$99K-$174K , 3.8
$99K-$174K , 3.8
$99K-$174K , 3.5
$99K-$174K , 3.4
$99K-$174K , 4.0
$99K-$174K , 3.8
$99K-$174K , 3.8
$99K-$174K , 3.8
$99K-$174K , 5.0
$99K-$174K , 5.0
$99K-$174K , 4.5
$99K-$174K , 3.7
$99K-$174K , 3.7
$99K-$174K , 1.0
$99K-$174K , 3.3
$99K-$174K , 3.3
$99K-$174K , 3.3
$76K-$147K , 3.7
$76K-$147K , 2.7
$76K-$147K , 3.5
$76K-$147K , 3.1
$76K-$147K , 3.1
$76K-$147K , 3.9
$76K-$147K , 3.7
$76K-$147K , 3.5
$76K-$147K , 4.1
$76K-$147K , 4.1
$76K-$147K , 4.1
$76K-$147K , 2.0
$76K-$147K , 4.1
$76K-$147K , 4.0
$76K-$147K , 4.6
$76K-$147K , 5.0
$76K-$147K , 1.0
$76K-$147K , 3.7
$76K-$147K , 3.7
$76K-$147K , 2.7
$76K-$147K , 2.7
$76K-$147K , 3.9
$76K-$147K , 4.2
$76K-$147K , 4.1
$76K-$147K , 1.0
$76K-$147K , 3.7
$76K-$147K , 3.7
$76K-$147K , 3.7
$76K-$147K , 4.5
$76K-$147K , 3.3
$62K-$109K , 3.3
$62K-$109K , 3.3
$62K-$109K , 3.3
$62K-$109K , 3.6
$62K-$109K , 3.1
$62K-$109K , 5.0
$62K-$109K , 3.3
$62K-$109K , 3.3
$62K-$109K , 1.0
$62K-$109K , 3.9
$62K-$109K , 2.3
$62K-$109K , 3.4
$62K-$109K , 3.0
$62K-$109K , 3.5
$62K-$109K , 4.1
$62K-$109K , 4.6
$62K-$109K , 3.1
$62K-$109K , 4.1
$62K-$109K , 3.1
$62K-$109K , 3.7
$62K-$109K , 3.6
$62K-$109K , 1.0
$62K-$109K , 3.3
$62K-$109K , 3.3
$62K-$109K , 3.2
$62K-$109K , 4.2
$62K-$109K , 4.2
$62K-$109K , 1.0
$62K-$109K , 4.0
$62K-$109K , 2.9
$70K-$123K , 3.4
$70K-$123K , 4.0
$70K-$123K , 3.7
$70K-$123K , 1.0
$70K-$123K , 3.6
$70K-$123K , 3.7
$70K-$123K , 3.6
$70K-$123K , 4.0
$70K-$123K , 4.7
$70K-$123K , 2.9
$70K-$123K , 1.0
$70K-$123K , 3.3
$70K-$123K , 4.2
$70K-$123K , 2.9
$70K-$123K , 3.4
$70K-$123K , 1.0
$40K-$73K , 3.5
$40K-$73K , 2.9
$40K-$73K , 3.7
$40K-$73K , 3.7
$40K-$73K , 3.2
$40K-$73K , 4.5
$40K-$73K , 3.8
$40K-$73K , 3.3
$40K-$73K , 3.7
$40K-$73K , 3.7
$40K-$73K , 2.6
$40K-$73K , 4.6
$40K-$73K , 4.6
$40K-$73K , 2.2
$40K-$73K , 3.2
$40K-$73K , 3.7
$40K-$73K , 3.7
$40K-$73K , 3.7
$38K-$59K , 3.9
$38K-$59K , 4.3
$38K-$59K , 3.7
$38K-$59K , 2.9
$38K-$59K , 4.6
$38K-$59K , 3.4
$38K-$59K , 3.5
$38K-$59K , 3.5
$38K-$59K , 2.5
$38K-$59K , 4.1
$38K-$59K , 3.6
$38K-$59K , 4.1
$38K-$59K , 3.7
$38K-$59K , 3.8
$38K-$59K , 3.2
$38K-$59K , 3.9
$38K-$59K , 3.9
$38K-$59K , 3.5
$38K-$59K , 4.4
$38K-$59K , 4.0
$60K-$105K , 4.1
$60K-$105K , 2.7
$60K-$105K , 1.0
$60K-$105K , 3.6
$60K-$105K , 3.6
$60K-$105K , 3.1
$60K-$105K , 3.6
$60K-$105K , 1.0
$60K-$105K , 3.2
$60K-$105K , 3.7
$60K-$105K , 3.2
$60K-$105K , 5.0
$60K-$105K , 4.6
$60K-$105K , 3.9
$60K-$105K , 3.9
$60K-$105K , 3.1
$60K-$105K , 3.1
$60K-$105K , 1.0
$60K-$105K , 3.9
$60K-$105K , 3.2
$60K-$105K , 4.2
$60K-$105K , 4.2
$60K-$105K , 3.6
$60K-$105K , 1.0
$60K-$105K , 3.7
$60K-$105K , 4.2
$60K-$105K , 3.6
$60K-$105K , 3.2
$60K-$105K , 3.4
$60K-$105K , 4.9
$69K-$144K , 2.9
$69K-$144K , 3.9
$69K-$144K , 3.9
$69K-$144K , 3.5
$69K-$144K , 6.3
$69K-$144K , 1.0
$69K-$144K , 3.3
$69K-$144K , 3.3
$69K-$144K , 3.9
$69K-$144K , 1.0
$69K-$144K , 3.3
$69K-$144K , 2.4
$69K-$144K , 2.4
$69K-$144K , 3.4
$69K-$144K , 3.3
$69K-$144K , 3.0
$69K-$144K , 5.0
$69K-$144K , 5.0
$69K-$144K , 5.0
$69K-$144K , 3.2
$69K-$144K , 1.0
$69K-$144K , 3.9
$69K-$144K , 3.7
$69K-$144K , 3.4
$69K-$144K , 2.9
$69K-$144K , 3.8
$69K-$144K , 4.6
$69K-$144K , 5.0
$69K-$144K , 3.9
$69K-$144K , 3.9
$47K-$82K , 1.0
$47K-$82K , 2.9
$47K-$82K , 2.9
$47K-$82K , 3.5
$47K-$82K , 2.7
$47K-$82K , 1.0
$47K-$82K , 3.5
$47K-$82K , 3.6
$47K-$82K , 3.7
$90K-$175K , 3.7
$90K-$175K , 3.7
$90K-$175K , 3.5
$90K-$175K , 3.3
$90K-$175K , 4.9
$90K-$175K , 3.9
$90K-$175K , 2.2
$90K-$175K , 3.9
$90K-$175K , 1.0
$90K-$175K , 4.2
$90K-$175K , 3.4
$90K-$175K , 3.4
$90K-$175K , 1.0
$90K-$175K , 3.0
$90K-$175K , 3.8
$90K-$175K , 3.3
$90K-$175K , 3.2
$90K-$175K , 4.1
$90K-$175K , 3.4
$90K-$175K , 4.9
$90K-$175K , 3.7
$90K-$175K , 4.0
$90K-$175K , 2.9
$90K-$175K , 3.2
$90K-$175K , 1.0
$90K-$175K , 3.5
$90K-$175K , 3.7
$90K-$175K , 4.4
$90K-$175K , 3.4
$90K-$175K , 4.1
$39K-$87K , 3.3
$39K-$87K , 3.6
$39K-$87K , 4.1
$39K-$87K , 4.1
$39K-$87K , 3.9
$39K-$87K , 3.8
$39K-$87K , 3.0
$39K-$87K , 3.0
$39K-$87K , 3.9
$39K-$87K , 3.2
$39K-$87K , 3.4
$39K-$87K , 3.1
$39K-$87K , 3.6
$39K-$87K , 3.5
$39K-$87K , 4.8
$39K-$87K , 5.0
$39K-$87K , 4.3
$39K-$87K , 2.8
$39K-$87K , 3.1
$39K-$87K , 1.0
$39K-$87K , 1.0
$39K-$87K , 2.5
$39K-$87K , 3.7
$39K-$87K , 3.7
$39K-$87K , 3.7
$39K-$87K , 3.8
$39K-$87K , 2.5
$39K-$87K , 3.6
$39K-$87K , 3.7
$39K-$87K , 3.7
$36K-$71K , 3.9
$36K-$71K , 3.4
$36K-$71K , 1.0
$36K-$71K , 1.0
$36K-$71K , 4.9
$36K-$71K , 4.0
$36K-$71K , 4.9
$36K-$71K , 3.9
$36K-$71K , 3.7
$36K-$71K , 4.2
$36K-$71K , 1.0
$36K-$71K , 3.8
$36K-$71K , 3.7
$36K-$71K , 2.4
$36K-$71K , 1.0
$36K-$71K , 3.3
$36K-$71K , 3.3
$36K-$71K , 3.2
$36K-$71K , 3.2
$36K-$71K , 3.6
$36K-$71K , 2.5
$36K-$71K , 3.2
$36K-$71K , 2.8
$36K-$71K , 3.9
$36K-$71K , 3.9
$36K-$71K , 3.3
$36K-$71K , 3.5
$36K-$71K , 3.2
$36K-$71K , 4.0
$36K-$71K , 1.0
$55K-$117K , 2.7
$55K-$117K , 3.5
$55K-$117K , 3.0
$55K-$117K , 4.3
$55K-$117K , 3.7
$55K-$117K , 3.6
$55K-$117K , 2.7
$55K-$117K , 4.1
$55K-$117K , 4.1
$55K-$117K , 9.5
$55K-$117K , 3.6
$55K-$117K , 3.6
$55K-$117K , 3.8
$55K-$117K , 3.6
$55K-$117K , 4.1
$55K-$117K , 3.5
$55K-$117K , 1.0
$55K-$117K , 3.6
$55K-$117K , 1.0
$55K-$117K , 4.9
$55K-$117K , 3.3
$55K-$117K , 4.6
$55K-$117K , 4.6
$55K-$117K , 2.7
$55K-$117K , 4.6
$55K-$117K , 3.4
$55K-$117K , 4.0
$55K-$117K , 4.2
$55K-$117K , 3.7
$55K-$117K , 3.7
$114K-$144K , 2.8
$114K-$144K , 1.0
$114K-$144K , 2.4
$114K-$144K , 1.0
$114K-$144K , 3.0
$114K-$144K , 3.0
$114K-$144K , 1.0
$114K-$144K , 1.0
$114K-$144K , 3.3
$114K-$144K , 2.7
$114K-$144K , 2.7
$114K-$144K , 4.1
$114K-$144K , 3.8
$114K-$144K , 1.0
$114K-$144K , 4.4
$114K-$144K , 3.6
$114K-$144K , 3.8
$114K-$144K , 3.7
$114K-$144K , 3.7
$114K-$144K , 3.6
$114K-$144K , 3.6
$114K-$144K , 3.9
$114K-$144K , 2.8
$114K-$144K , 2.7
$114K-$144K , 4.5
$114K-$144K , 1.0
$114K-$144K , 8.4
$114K-$144K , 3.5
$114K-$144K , 3.6
$114K-$144K , 3.8
$138K-$217K , 3.2
$138K-$217K , 1.0
$138K-$217K , 1.0
$138K-$217K , 3.3
$138K-$217K , 5.0
$138K-$217K , 3.3
$138K-$217K , 4.5
$138K-$217K , 2.8
$138K-$217K , 4.0
$138K-$217K , 3.9
$138K-$217K , 3.8
$138K-$217K , 3.9
$138K-$217K , 4.6
$138K-$217K , 3.0
$138K-$217K , 3.7
$138K-$217K , 4.4
$138K-$217K , 4.4
$138K-$217K , 3.1
$138K-$217K , 2.0
$138K-$217K , 3.6
$138K-$217K , 4.1
$138K-$217K , 4.5
$138K-$217K , 2.7
$138K-$217K , 3.7
$138K-$217K , 4.1
$138K-$217K , 4.0
$138K-$217K , 4.1
$138K-$217K , 3.7
$138K-$217K , 1.0
$138K-$217K , 3.2
$72K-$97K , 3.2
$72K-$97K , 1.0
$72K-$97K , 3.2
$72K-$97K , 3.2
$72K-$97K , 3.7
$72K-$97K , 3.6
$72K-$97K , 1.0
$72K-$97K , 1.0
$72K-$97K , 4.1
$72K-$97K , 1.0
$72K-$97K , 3.7
$72K-$97K , 4.1
$72K-$97K , 1.0
$72K-$97K , 4.1
$72K-$97K , 4.1
$72K-$97K , 4.1
$72K-$97K , 5.0
$72K-$97K , 6.3
$72K-$97K , 3.7
$72K-$97K , 3.7
$72K-$97K , 2.0
$72K-$97K , 3.2
$72K-$97K , 3.2
$72K-$97K , 4.1
$72K-$97K , 1.0
$72K-$97K , 3.2
$72K-$97K , 3.2
$72K-$97K , 4.9
$72K-$97K , 5.2
$72K-$97K , 3.1
$73K-$136K , 3.8
$73K-$136K , 3.8
$73K-$136K , 4.2
$73K-$136K , 2.4
$73K-$136K , 4.0
$73K-$136K , 4.1
$73K-$136K , 1.0
$73K-$136K , 3.3
$73K-$136K , 1.0
$73K-$136K , 3.4
$73K-$136K , 3.1
$73K-$136K , 1.0
$73K-$136K , 3.1
$73K-$136K , 3.8
$73K-$136K , 3.1
$73K-$136K , 3.5
$73K-$136K , 4.1
$73K-$136K , 1.0
$73K-$136K , 3.6
$73K-$136K , 3.6
$73K-$136K , 1.0
$73K-$136K , 4.1
$73K-$136K , 4.1
$73K-$136K , 4.2
$73K-$136K , 4.2
$73K-$136K , 3.5
$73K-$136K , 3.5
$73K-$136K , 4.2
$73K-$136K , 4.2
$73K-$136K , 1.0
$94K-$151K , 4.2
$94K-$151K , 4.0
$94K-$151K , 4.2
$94K-$151K , 3.5
$94K-$151K , 4.4
$94K-$151K , 3.1
$94K-$151K , 3.6
$94K-$151K , 3.6
$94K-$151K , 4.8
$94K-$151K , 4.4
$94K-$151K , 4.1
$94K-$151K , 3.1
$94K-$151K , 4.6
$94K-$151K , 4.9
$94K-$151K , 4.2
$94K-$151K , 3.3
$94K-$151K , 3.3
$94K-$151K , 1.0
$94K-$151K , 3.9
$94K-$151K , 3.9
$94K-$151K , 4.4
$94K-$151K , 4.0
$94K-$151K , 2.8
$94K-$151K , 3.7
$94K-$151K , 3.5
$94K-$151K , 1.0
$94K-$151K , 4.3
$94K-$151K , 4.3
$94K-$151K , 3.8
$94K-$151K , 3.3
$97K-$159K , 4.8
$97K-$159K , 3.2
$97K-$159K , 3.6
$97K-$159K , 4.6
$97K-$159K , 3.7
$97K-$159K , 4.8
$97K-$159K , 4.8
$97K-$159K , 3.9
$97K-$159K , 3.8
$97K-$159K , 4.1
$97K-$159K , 1.0
$97K-$159K , 4.6
$97K-$159K , 1.0
$97K-$159K , 4.9
$97K-$159K , 3.5
$97K-$159K , 3.5
$97K-$159K , 3.1
$97K-$159K , 3.2
$97K-$159K , 3.6
$97K-$159K , 4.1
$97K-$159K , 3.6
$97K-$159K , 3.6
$97K-$159K , 4.0
$97K-$159K , 1.0
$97K-$159K , 3.1
$97K-$159K , 3.4
$97K-$159K , 3.7
$97K-$159K , 3.7
$97K-$159K , 3.2
$97K-$159K , 3.6
$97K-$159K , 3.6
$97K-$159K , 3.9
$46K-$104K , 3.5
$46K-$104K , 3.6
$46K-$104K , 2.9
$46K-$104K , 4.0
$46K-$104K , 3.6
$46K-$104K , 3.7
$46K-$104K , 3.7
$46K-$104K , 3.8
$46K-$104K , 3.9
$46K-$104K , 1.0
$46K-$104K , 3.9
$46K-$104K , 3.5
$46K-$104K , 3.9
$46K-$104K , 4.8
$46K-$104K , 4.8
$46K-$104K , 3.0
$46K-$104K , 3.2
$46K-$104K , 4.0
$46K-$104K , 3.7
$46K-$104K , 1.0
$46K-$104K , 1.0
$46K-$104K , 3.9
$46K-$104K , 3.7
$46K-$104K , 4.6
$46K-$104K , 4.0
$46K-$104K , 4.9
$46K-$104K , 4.9
$46K-$104K , 3.9
$46K-$104K , 3.9
$45K-$81K , 4.0
$45K-$81K , 2.9
$45K-$81K , 4.0
$45K-$81K , 4.0
$45K-$81K , 3.7
$45K-$81K , 3.8
$45K-$81K , 4.0
$45K-$81K , 3.7
$45K-$81K , 3.7
$45K-$81K , 2.9
$45K-$81K , 3.6
$45K-$81K , 3.6
$45K-$81K , 1.0
$45K-$81K , 5.0
$45K-$81K , 4.7
$45K-$81K , 3.8
$45K-$81K , 3.4
$45K-$81K , 1.0
$45K-$81K , 3.2
$45K-$81K , 2.9
$45K-$81K , 3.1
$45K-$81K , 3.7
$45K-$81K , 4.0
$45K-$81K , 4.0
$45K-$81K , 4.3
$45K-$81K , 3.0
$45K-$81K , 2.9
$45K-$81K , 3.4
$45K-$81K , 3.8
$92K-$144K , 2.5
$92K-$144K , 3.9
$92K-$144K , 1.0
$92K-$144K , 3.1
$92K-$144K , 3.2
$92K-$144K , 3.2
$92K-$144K , 2.9
$92K-$144K , 2.9
$92K-$144K , 2.5
$92K-$144K , 3.2
$92K-$144K , 5.0
$92K-$144K , 5.0
$92K-$144K , 3.6
$92K-$144K , 3.5
$92K-$144K , 3.8
$92K-$144K , 4.5
$92K-$144K , 3.6
$92K-$144K , 3.6
$92K-$144K , 4.2
$92K-$144K , 4.3
$92K-$144K , 3.9
$92K-$144K , 4.3
$92K-$144K , 4.3
$92K-$144K , 3.9
$92K-$144K , 4.8
$92K-$144K , 2.8
$92K-$144K , 3.9
$92K-$144K , 1.0
$92K-$144K , 3.3
$92K-$144K , 3.3
$64K-$97K , 1.0
$64K-$97K , 3.4
$64K-$97K , 3.4
$64K-$97K , 4.2
$64K-$97K , 4.0
$64K-$97K , 3.8
$64K-$97K , 3.2
$64K-$97K , 1.0
$64K-$97K , 3.5
$64K-$97K , 3.5
$64K-$97K , 1.0
$64K-$97K , 3.0
$64K-$97K , 2.9
$64K-$97K , 2.9
$64K-$97K , 2.7
$64K-$97K , 1.8
$64K-$97K , 5.0
$64K-$97K , 5.0
$64K-$97K , 4.4
$64K-$97K , 3.9
$64K-$97K , 1.8
$64K-$97K , 3.6
$64K-$97K , 1.0
$64K-$97K , 1.0
$64K-$97K , 5.0
$64K-$97K , 1.6
$64K-$97K , 3.2
$64K-$97K , 3.7
$64K-$97K , 4.1
$64K-$97K , 4.1
$47K-$73K , 3.2
$47K-$73K , 1.8
$47K-$73K , 3.6
$47K-$73K , 3.0
$47K-$73K , 4.1
$47K-$73K , 4.9
$47K-$73K , 4.2
$47K-$73K , 4.3
$47K-$73K , 4.0
$47K-$73K , 3.0
$47K-$73K , 4.2
$47K-$73K , 3.9
$47K-$73K , 3.5
$47K-$73K , 5.0
$47K-$73K , 5.0
$47K-$73K , 3.9
$47K-$73K , 3.4
$47K-$73K , 3.1
$47K-$73K , 4.1
$47K-$73K , 3.9
$47K-$73K , 4.6
$47K-$73K , 3.4
$47K-$73K , 1.0
$47K-$73K , 3.6
$47K-$73K , 3.6
$47K-$73K , 4.8
$47K-$73K , 3.6
$47K-$73K , 4.1
$47K-$73K , 4.1
$47K-$73K , 1.0
$84K-$156K , 4.0
$84K-$156K , 3.5
$84K-$156K , 1.0
$84K-$156K , 3.5
$84K-$156K , 3.1
$84K-$156K , 3.4
$84K-$156K , 1.0
$84K-$156K , 4.1
$84K-$156K , 4.1
$84K-$156K , 5.0
$84K-$156K , 4.0
$84K-$156K , 5.0
$84K-$156K , 1.0
$84K-$156K , 4.0
$84K-$156K , 4.3
$84K-$156K , 1.0
$84K-$156K , 3.2
$84K-$156K , 4.0
$84K-$156K , 3.9
$84K-$156K , 4.0
$84K-$156K , 1.0
$84K-$156K , 1.0
$84K-$156K , 3.8
$84K-$156K , 3.8
$84K-$156K , 4.2
$84K-$156K , 1.0
$84K-$156K , 1.0
$84K-$156K , 1.0
$84K-$156K , 4.1
$84K-$156K , 4.1
$97K-$111K , 4.0
$97K-$111K , 1.0
$97K-$111K , 3.7
$97K-$111K , 1.0
$97K-$111K , 1.0
$97K-$111K , 2.9
$97K-$111K , 3.6
$97K-$111K , 8.8
$97K-$111K , 1.0
$97K-$111K , 3.7
$97K-$111K , 1.8
$97K-$111K , 3.6
$97K-$111K , 2.9
$97K-$111K , 4.2
$97K-$111K , 2.5
$97K-$111K , 3.7
$97K-$111K , 3.1
$97K-$111K , 3.6
$97K-$111K , 3.6
$97K-$111K , 3.6
$97K-$111K , 3.2
$84K-$101K , 3.2
$84K-$101K , 3.8
$84K-$101K , 3.6
$84K-$101K , 3.1
$84K-$101K , 3.1
$84K-$101K , 3.4
$84K-$101K , 3.4
$84K-$101K , 3.9
$84K-$101K , 3.8
$84K-$101K , 3.2
$84K-$101K , 3.5
$84K-$101K , 4.1
$84K-$101K , 3.1
$84K-$101K , 3.1
$84K-$101K , 3.5
$84K-$101K , 3.9
$84K-$101K , 3.5
$84K-$101K , 3.5
$84K-$101K , 1.0
$84K-$101K , 5.0
$84K-$101K , 4.1
$84K-$101K , 3.8
$84K-$101K , 4.2
$84K-$101K , 4.2
$84K-$101K , 4.2
$84K-$101K , 3.6
$84K-$101K , 3.2
$84K-$101K , 3.2
$99K-$173K , 3.9
$99K-$173K , 3.9
$99K-$173K , 3.9
$99K-$173K , 4.2
$99K-$173K , 3.8
$99K-$173K , 3.1
$93K-$151K , 3.1
$93K-$151K , 4.0
$93K-$151K , 4.2
$93K-$151K , 4.6
$93K-$151K , 5.0
$93K-$151K , 3.7
$93K-$151K , 3.5
$93K-$151K , 3.5
$93K-$151K , 3.8
$93K-$151K , 3.6
$93K-$151K , 4.3
$93K-$151K , 3.7
$93K-$151K , 4.2
$93K-$151K , 4.5
$93K-$151K , 4.7
$93K-$151K , 3.1
$93K-$151K , 3.1
$93K-$151K , 3.9
$93K-$151K , 4.4
$93K-$151K , 3.6
$93K-$151K , 3.2
$93K-$151K , 3.7
$93K-$151K , 2.9
$93K-$151K , 2.9
$93K-$151K , 3.4
$93K-$151K , 3.4
$93K-$151K , 3.1
$93K-$151K , 3.2
$93K-$151K , 3.2
$93K-$151K , 4.7
$93K-$151K , 8.0
$50K-$87K , 4.7
$50K-$87K , 3.9
$50K-$87K , 3.9
$50K-$87K , 5.0
$50K-$87K , 4.6
$50K-$87K , 3.5
$50K-$87K , 3.7
$50K-$87K , 3.3
$50K-$87K , 1.6
$50K-$87K , 1.6
$50K-$87K , 3.8
$50K-$87K , 2.6
$50K-$87K , 3.9
$50K-$87K , 3.7
$50K-$87K , 3.7
$50K-$87K , 3.4
$50K-$87K , 4.0
$50K-$87K , 2.8
$50K-$87K , 3.9
$50K-$87K , 2.8
$50K-$87K , 3.0
$50K-$87K , 3.8
$50K-$87K , 3.6
$50K-$87K , 3.1
$50K-$87K , 3.9
$50K-$87K , 3.7
$50K-$87K , 3.7
$50K-$87K , 4.6
$50K-$87K , 3.6
$50K-$87K , 2.7
$71K-$117K , 3.8
$71K-$117K , 3.3
$71K-$117K , 4.3
$71K-$117K , 3.7
$71K-$117K , 4.7
$71K-$117K , 3.6
$71K-$117K , 3.6
$71K-$117K , 3.6
$71K-$117K , 4.0
$71K-$117K , 4.0
$71K-$117K , 3.7
$71K-$117K , 3.7
$71K-$117K , 3.7
$71K-$117K , 2.4
$71K-$117K , 3.5
$71K-$117K , 3.9
$71K-$117K , 1.0
$71K-$117K , 3.5
$71K-$117K , 3.8
$71K-$117K , 2.7
$71K-$117K , 5.0
$71K-$117K , 3.5
$71K-$117K , 3.9
$71K-$117K , 3.7
$71K-$117K , 3.7
$71K-$117K , 4.3
$71K-$117K , 3.0
$71K-$117K , 4.3
$71K-$117K , 3.7
$71K-$117K , 4.0
$44K-$80K , 3.7
$44K-$80K , 3.6
$44K-$80K , 3.3
$44K-$80K , 3.5
$44K-$80K , 3.5
$44K-$80K , 4.1
$44K-$80K , 3.5
$44K-$80K , 2.6
$44K-$80K , 3.7
$44K-$80K , 3.6
$44K-$80K , 3.2
$44K-$80K , 2.5
$44K-$80K , 3.7
$44K-$80K , 3.8
$44K-$80K , 4.3
$44K-$80K , 3.2
$44K-$80K , 3.4
$44K-$80K , 3.6
$44K-$80K , 4.5
$44K-$80K , 3.9
$44K-$80K , 3.2
$44K-$80K , 4.7
$44K-$80K , 3.2
$44K-$80K , 5.0
$44K-$80K , 3.1
$44K-$80K , 3.1
$44K-$80K , 4.7
$44K-$80K , 3.8
$44K-$80K , 3.4
$44K-$80K , 3.7
$94K-$166K , 3.7
$94K-$166K , 4.0
$94K-$166K , 3.3
$94K-$166K , 5.0
$94K-$166K , 3.2
$94K-$166K , 3.8
$94K-$166K , 3.8
$94K-$166K , 4.0
$94K-$166K , 2.8
$94K-$166K , 4.6
$94K-$166K , 3.6
$94K-$166K , 4.5
$94K-$166K , 3.6
$94K-$166K , 4.4
$94K-$166K , 3.8
$94K-$166K , 3.8
$94K-$166K , 3.9
$94K-$166K , 4.6
$94K-$166K , 4.0
$94K-$166K , 3.6
$94K-$166K , 1.0
$94K-$166K , 3.2
$94K-$166K , 3.0
$94K-$166K , 3.1
$94K-$166K , 4.3
$94K-$166K , 3.2
$94K-$166K , 5.0
$94K-$166K , 3.2
$94K-$166K , 2.9
$94K-$166K , 2.9
$65K-$100K , 3.2
$65K-$100K , 1.0
$65K-$100K , 3.6
$65K-$100K , 3.2
$65K-$100K , 5.0
$65K-$100K , 3.1
$65K-$100K , 3.1
$65K-$100K , 1.0
$65K-$100K , 0.0
$65K-$100K , 3.0
$65K-$100K , 3.7
$65K-$100K , 3.7
$65K-$100K , 4.5
$65K-$100K , 4.2
$65K-$100K , 3.4
$65K-$100K , 3.5
$65K-$100K , 3.5
$65K-$100K , 3.4
$65K-$100K , 3.2
$65K-$100K , 3.2
$65K-$100K , 4.2
$65K-$100K , 3.4
$65K-$100K , 4.5
$65K-$100K , 4.5
$65K-$100K , 3.4
$65K-$100K , 3.4
$65K-$100K , 3.2
$65K-$100K , 3.8
$65K-$100K , 4.5
$41K-$74K , 3.7
$46K-$83K , 3.7
$46K-$83K , 3.7
$46K-$83K , 3.4
$46K-$83K , 3.6
$46K-$83K , 3.1
$46K-$83K , 2.5
$46K-$83K , 2.5
$46K-$83K , 1.0
$46K-$83K , 3.3
$46K-$83K , 3.3
$46K-$83K , 3.2
$46K-$83K , 2.6
$46K-$83K , 3.4
$46K-$83K , 3.4
$46K-$83K , 3.4
$46K-$83K , 4.3
$46K-$83K , 4.3
$46K-$83K , 3.1
$46K-$83K , 3.2
$46K-$83K , 3.7
$46K-$83K , 4.7
$46K-$83K , 3.9
$46K-$83K , 2.6
$46K-$83K , 3.7
$46K-$83K , 3.4
$46K-$83K , 3.6
$46K-$83K , 4.2
$46K-$83K , 1.0
$46K-$83K , 3.2
$46K-$83K , 3.2
$45K-$106K , 2.6
$45K-$106K , 1.0
$45K-$106K , 2.7
$45K-$106K , 2.7
$45K-$106K , 4.0
$45K-$106K , 3.0
$45K-$106K , 3.9
$45K-$106K , 1.0
$45K-$106K , 3.9
$45K-$106K , 1.6
$45K-$106K , 4.4
$45K-$106K , 4.4
$45K-$106K , 4.0
$45K-$106K , 1.0
$45K-$106K , 3.2
$45K-$106K , 1.0
$45K-$106K , 1.0
$45K-$106K , 4.0
$45K-$106K , 4.3
$45K-$106K , 4.1
$45K-$106K , 5.0
$71K-$122K , 1.0
$71K-$122K , 3.8
$71K-$122K , 3.7
$71K-$122K , 3.2
$71K-$122K , 4.0
$71K-$122K , 1.0
$71K-$122K , 4.0
$71K-$122K , 3.8
$71K-$122K , 3.9
$71K-$122K , 3.9
$71K-$122K , 3.2
$71K-$122K , 2.6
$71K-$122K , 4.0
$71K-$122K , 4.3
$71K-$122K , 3.6
$71K-$122K , 1.8
$71K-$122K , 3.7
$71K-$122K , 4.3
$71K-$122K , 3.6
$71K-$122K , 3.6
$71K-$122K , 3.3
$71K-$122K , 3.4
$71K-$122K , 2.7
$71K-$122K , 2.7
$71K-$122K , 4.0
$71K-$122K , 4.0
$71K-$122K , 3.8
$71K-$122K , 3.0
$71K-$122K , 3.4
$71K-$122K , 3.2
$143K-$237K , 3.1
$143K-$237K , 3.9
$143K-$237K , 8.6
$143K-$237K , 3.6
$143K-$237K , 3.9
$143K-$237K , 3.9
$143K-$237K , 3.7
$143K-$237K , 3.7
$143K-$237K , 3.9
$143K-$237K , 3.2
$143K-$237K , 3.8
$143K-$237K , 3.9
$143K-$237K , 3.9
$143K-$237K , 4.1
$143K-$237K , 3.2
$143K-$237K , 3.9
$143K-$237K , 3.6
$143K-$237K , 3.6
$143K-$237K , 3.9
$143K-$237K , 4.0
$143K-$237K , 3.5
$143K-$237K , 4.0
$143K-$237K , 4.0
$143K-$237K , 4.0
$143K-$237K , 3.7
$143K-$237K , 3.7
$70K-$154K , 3.9
$70K-$154K , 1.0
$70K-$154K , 3.4
$70K-$154K , 3.7
$70K-$154K , 4.0
$70K-$154K , 4.0
$70K-$154K , 1.0
$70K-$154K , 1.0
$70K-$154K , 1.0
$70K-$154K , 3.6
$70K-$154K , 4.0
$70K-$154K , 4.0
$70K-$154K , 4.0
$70K-$154K , 3.9
$70K-$154K , 3.6
$70K-$154K , 3.2
$70K-$154K , 4.6
$68K-$89K , 3.9
$68K-$89K , 3.8
$68K-$89K , 3.4
$68K-$89K , 4.4
$68K-$89K , 3.9
$68K-$89K , 3.9
$68K-$89K , 3.4
$68K-$89K , 3.7
$68K-$89K , 3.6
$68K-$89K , 3.8
$68K-$89K , 3.8
$68K-$89K , 4.4
$68K-$89K , 3.0
$68K-$89K , 3.9
$68K-$89K , 3.9
$68K-$89K , 3.1
$68K-$89K , 3.4
$68K-$89K , 3.9
$55K-$101K , 3.4
$55K-$101K , 3.2
$55K-$101K , 3.7
$55K-$101K , 3.7
$55K-$101K , 3.4
$55K-$101K , 4.5
$55K-$101K , 4.5
$55K-$101K , 3.9
$55K-$101K , 3.4
$55K-$101K , 1.0
$55K-$101K , 4.0
$55K-$101K , 3.7
$55K-$101K , 5.0
$55K-$101K , 1.0
$55K-$101K , 1.6
$55K-$101K , 1.6
$55K-$101K , 3.6
$55K-$101K , 4.8
$55K-$101K , 4.8
$55K-$101K , 3.2
$55K-$101K , 2.6
$55K-$101K , 4.1
$55K-$101K , 3.3
$55K-$101K , 1.0
$55K-$101K , 1.0
$55K-$101K , 3.6
$55K-$101K , 3.6
$55K-$101K , 3.9
$98K-$152K , 3.9
$98K-$152K , 3.6
$98K-$152K , 3.6
$98K-$152K , 4.1
$98K-$152K , 3.6
$98K-$152K , 3.8
$98K-$152K , 3.8
$98K-$152K , 4.5
$98K-$152K , 4.1
$98K-$152K , 4.4
$98K-$152K , 4.1
$98K-$152K , 4.1
$98K-$152K , 1.0
$98K-$152K , 3.2
$98K-$152K , 3.2
$98K-$152K , 3.7
$98K-$152K , 3.6
$98K-$152K , 4.1
$98K-$152K , 4.9
$98K-$152K , 5.0
$98K-$152K , 3.5
$98K-$152K , 3.4
$98K-$152K , 4.1
$98K-$152K , 4.0
$98K-$152K , 3.4
$98K-$152K , 3.6
$98K-$152K , 3.6
$98K-$152K , 3.5
$98K-$152K , 3.9
$98K-$152K , 3.9
$98K-$152K , 3.6
$54K-$92K , 3.9
$54K-$92K , 3.6
$54K-$92K , 4.1
$54K-$92K , 3.9
$54K-$92K , 3.9
$54K-$92K , 4.2
$54K-$92K , 3.6
$54K-$92K , 5.0
$54K-$92K , 3.6
$54K-$92K , 3.6
$54K-$92K , 3.1
$54K-$92K , 3.4
$54K-$92K , 3.5
$54K-$92K , 3.5
$54K-$92K , 3.1
$54K-$92K , 4.0
$54K-$92K , 4.0
$54K-$92K , 4.0
$54K-$92K , 3.9
$54K-$92K , 3.9
$54K-$92K , 3.6
$54K-$92K , 4.0
$54K-$92K , 4.2
$54K-$92K , 3.9
$54K-$92K , 1.0
$54K-$92K , 4.9
$54K-$92K , 3.6
$54K-$92K , 3.5
$54K-$92K , 4.3
$74K-$140K , 3.8
$74K-$140K , 3.6
$74K-$140K , 3.8
$74K-$140K , 3.8
$74K-$140K , 3.8
$74K-$140K , 3.0
$74K-$140K , 4.1
$74K-$140K , 4.3
$74K-$140K , 2.5
$74K-$140K , 1.0
$74K-$140K , 4.1
$74K-$140K , 4.0
$74K-$140K , 4.0
$74K-$140K , 1.0
$74K-$140K , 2.5
$74K-$140K , 1.0
$74K-$140K , 3.0
$74K-$140K , 4.1
$74K-$140K , 3.4
$74K-$140K , 1.0
$74K-$140K , 3.6
$74K-$140K , 3.6
$74K-$140K , 3.7
$74K-$140K , 3.7
$74K-$140K , 3.3
$74K-$140K , 3.1
$74K-$140K , 3.1
$74K-$140K , 3.2
$74K-$140K , 4.0
$74K-$140K , 4.5
$83K-$154K , 3.0
$83K-$154K , 3.5
$83K-$154K , 3.2
$83K-$154K , 3.2
$83K-$154K , 4.1
$83K-$154K , 4.1
$83K-$154K , 4.3
$83K-$154K , 1.0
$83K-$154K , 4.7
$83K-$154K , 4.7
$83K-$154K , 1.0
$83K-$154K , 3.6
$83K-$154K , 3.6
$83K-$154K , 1.0
$83K-$154K , 3.5
$83K-$154K , 3.5
$83K-$154K , 3.3
$83K-$154K , 3.4
$83K-$154K , 3.7
$83K-$154K , 3.7
$83K-$154K , 3.4
$83K-$154K , 3.0
$83K-$154K , 4.1
$83K-$154K , 3.3
$83K-$154K , 4.0
$83K-$154K , 1.0
$83K-$154K , 4.1
$83K-$154K , 3.9
$83K-$154K , 3.9
$83K-$154K , 1.0
$52K-$91K , 4.2
$52K-$91K , 4.1
$52K-$91K , 2.8
$52K-$91K , 1.0
$52K-$91K , 1.0
$52K-$91K , 0.1
$52K-$91K , 1.0
$52K-$91K , 0.8
$52K-$91K , 3.0
$52K-$91K , 1.0
$52K-$91K , 3.6
$52K-$91K , 3.6
$52K-$91K , 3.6
$52K-$91K , 3.3
$52K-$91K , 3.8
$52K-$91K , 1.0
$52K-$91K , 4.0
$52K-$91K , 4.2
$52K-$91K , 4.3
$52K-$91K , 4.1
$52K-$91K , 3.1
$52K-$91K , 3.1
$52K-$91K , 3.8
$52K-$91K , 3.5
$52K-$91K , 3.8
$52K-$91K , 4.1
$52K-$91K , 4.1
$52K-$91K , 4.2
$52K-$91K , 4.3
$52K-$91K , 4.0
$43K-$76K , 3.3
$43K-$76K , 4.0
$43K-$76K , 4.0
$43K-$76K , 3.9
$43K-$76K , 3.4
$43K-$76K , 1.0
$43K-$76K , 3.0
$43K-$76K , 4.1
$43K-$76K , 3.7
$43K-$76K , 1.0
$43K-$76K , 4.1
$43K-$76K , 2.9
$43K-$76K , 1.0
$43K-$76K , 3.5
$43K-$76K , 3.5
$43K-$76K , 3.5
$43K-$76K , 4.1
$43K-$76K , 3.5
$43K-$76K , 3.4
$43K-$76K , 3.4
$43K-$76K , 3.2
$43K-$76K , 3.6
$43K-$76K , 3.0
$43K-$76K , 3.5
$43K-$76K , 4.1
$43K-$76K , 1.0
$43K-$76K , 1.0
$43K-$76K , 3.7
$43K-$76K , 1.0
$43K-$76K , 4.1
$114K-$146K , 3.6
$114K-$146K , 4.1
$114K-$146K , 3.8
$114K-$146K , 1.0
$114K-$146K , 3.9
$114K-$146K , 3.4
$114K-$146K , 4.1
$114K-$146K , 2.4
$114K-$146K , 3.3
$114K-$146K , 2.3
$114K-$146K , 3.8
$114K-$146K , 4.1
$114K-$146K , 4.7
$114K-$146K , 2.9
$114K-$146K , 3.2
$114K-$146K , 2.8
$114K-$146K , 4.6
$114K-$146K , 3.5
$114K-$146K , 3.6
$114K-$146K , 3.0
$114K-$146K , 3.5
$114K-$146K , 4.5
$114K-$146K , 4.2
$114K-$146K , 2.8
$114K-$146K , 3.6
$114K-$146K , 4.5
$114K-$146K , 4.5
$114K-$146K , 3.9
$114K-$146K , 3.7
$114K-$146K , 3.7
$60K-$124K , 2.9
$60K-$124K , 3.3
$60K-$124K , 3.3
$60K-$124K , 3.9
$60K-$124K , 3.0
$60K-$124K , 1.0
$60K-$124K , 4.1
$60K-$124K , 4.1
$60K-$124K , 4.2
$60K-$124K , 3.3
$60K-$124K , 3.9
$60K-$124K , 4.5
$60K-$124K , 1.0
$60K-$124K , 3.1
$60K-$124K , 4.1
$60K-$124K , 3.6
$60K-$124K , 2.8
$60K-$124K , 3.6
$60K-$124K , 4.3
$60K-$124K , 1.0
$60K-$124K , 4.2
$60K-$124K , 4.2
$60K-$124K , 3.9
$60K-$124K , 3.3
$60K-$124K , 4.3
$60K-$124K , 3.7
$60K-$124K , 4.1
$60K-$124K , 3.9
$60K-$124K , 3.6
$60K-$124K , 3.2
$60K-$124K , 4.3
$46K-$82K , 4.0
$46K-$82K , 2.3
$46K-$82K , 1.0
$46K-$82K , 3.4
$46K-$82K , 3.6
$46K-$82K , 1.0
$46K-$82K , 1.0
$46K-$82K , 5.0
$46K-$82K , 1.0
$46K-$82K , 4.0
$46K-$82K , 1.0
$46K-$82K , 3.7
$46K-$82K , 3.7
$46K-$82K , 4.1
$46K-$82K , 3.9
$46K-$82K , 3.9
$46K-$82K , 3.9
$46K-$82K , 3.9
$46K-$82K , 2.6
$46K-$82K , 3.7
$46K-$82K , 3.9
$46K-$82K , 3.7
$46K-$82K , 4.0
$46K-$82K , 3.9
$46K-$82K , 4.9
$46K-$82K , 4.0
$46K-$82K , 3.8
$46K-$82K , 4.1
$46K-$82K , 4.4
$46K-$82K , 4.1
$83K-$165K , 3.4
$83K-$165K , 4.9
$83K-$165K , 3.7
$83K-$165K , 1.5
$83K-$165K , 3.3
$83K-$165K , 3.5
$83K-$165K , 4.9
$83K-$165K , 4.0
$83K-$165K , 5.0
$83K-$165K , 3.4
$83K-$165K , 4.1
$83K-$165K , 3.6
$83K-$165K , 3.6
$83K-$165K , 3.8
$83K-$165K , 3.7
$83K-$165K , 4.9
$83K-$165K , 4.0
$83K-$165K , 4.0
$83K-$165K , 3.2
$83K-$165K , 3.5
$83K-$165K , 1.0
$83K-$165K , 3.7
$83K-$165K , 3.7
$83K-$165K , 5.0
$83K-$165K , 4.8
$83K-$165K , 3.6
$83K-$165K , 3.8
$83K-$165K , 3.8
$83K-$165K , 1.0
$83K-$165K , 3.4
$71K-$122K , 3.8
$71K-$122K , 4.5
$71K-$122K , 1.0
$71K-$122K , 3.5
$71K-$122K , 8.1
$71K-$122K , 3.0
$71K-$122K , 3.7
$71K-$122K , 3.7
$71K-$122K , 4.1
$71K-$122K , 3.7
$71K-$122K , 3.7
$71K-$122K , 3.4
$71K-$122K , 3.1
$71K-$122K , 3.0
$71K-$122K , 4.2
$71K-$122K , 1.0
$71K-$122K , 4.2
$71K-$122K , 4.9
$71K-$122K , 4.3
$71K-$122K , 5.0
$71K-$122K , 3.2
$71K-$122K , 3.8
$71K-$122K , 4.2
$71K-$122K , 3.2
$71K-$122K , 3.6
$71K-$122K , 4.0
$71K-$122K , 3.7
$71K-$122K , 1.0
$71K-$122K , 4.8
$71K-$122K , 3.8
$39K-$69K , 4.0
$39K-$69K , 4.3
$39K-$69K , 4.3
$39K-$69K , 3.5
$39K-$69K , 2.9
$39K-$69K , 3.4
$39K-$69K , 3.4
$39K-$69K , 3.6
$39K-$69K , 5.0
$39K-$69K , 4.9
$39K-$69K , 3.1
$39K-$69K , 3.8
$39K-$69K , 3.8
$39K-$69K , 4.3
$39K-$69K , 1.0
$39K-$69K , 1.0
$39K-$69K , 1.0
$39K-$69K , 1.0
$39K-$69K , 3.6
$39K-$69K , 4.6
$39K-$69K , 3.2
$39K-$69K , 3.4
$39K-$69K , 3.4
$39K-$69K , 1.0
$39K-$69K , 4.3
$39K-$69K , 1.0
$39K-$69K , 4.3
$39K-$69K , 4.2
$39K-$69K , 3.8
$39K-$69K , 4.2
$88K-$140K , 4.2
$88K-$140K , 3.5
$88K-$140K , 3.4
$88K-$140K , 3.4
$88K-$140K , 3.8
$88K-$140K , 5.0
$88K-$140K , 5.0
$88K-$140K , 3.2
$88K-$140K , 4.3
$88K-$140K , 1.0
$88K-$140K , 1.0
$88K-$140K , 4.0
$88K-$140K , 4.0
$88K-$140K , 4.2
$88K-$140K , 3.7
$88K-$140K , 3.7
$88K-$140K , 1.0
$88K-$140K , 2.9
$88K-$140K , 3.4
$88K-$140K , 4.8
$88K-$140K , 3.5
$88K-$140K , 1.0
$88K-$140K , 3.3
$88K-$140K , 3.5
$88K-$140K , 2.9
$88K-$140K , 3.5
$88K-$140K , 3.8
$88K-$140K , 1.0
$88K-$140K , 3.6
$88K-$140K , 4.3
$74K-$129K , 4.6
$74K-$129K , 2.9
$74K-$129K , 4.0
$74K-$129K , 4.0
$74K-$129K , 1.0
$74K-$129K , 2.6
$74K-$129K , 4.2
$74K-$129K , 4.2
$74K-$129K , 4.9
$74K-$129K , 3.8
$74K-$129K , 4.2
$74K-$129K , 1.0
$74K-$129K , 1.0
$74K-$129K , 3.4
$74K-$129K , 3.1
$74K-$129K , 4.0
$74K-$129K , 3.7
$74K-$129K , 5.0
$74K-$129K , 4.9
$74K-$129K , 4.1
$74K-$129K , 4.1
$74K-$129K , 1.0
$74K-$129K , 4.3
$74K-$129K , 4.3
$74K-$129K , 1.0
$74K-$129K , 1.0
$74K-$129K , 4.1
$74K-$129K , 4.1
$74K-$129K , 3.5
$74K-$129K , 2.3
$114K-$211K , 4.3
$114K-$211K , 5.0
$114K-$211K , 3.7
$114K-$211K , 3.8
$114K-$211K , 4.3
$114K-$211K , 3.4
$114K-$211K , 3.4
$114K-$211K , 4.0
$114K-$211K , 3.3
$114K-$211K , 4.9
$114K-$211K , 3.3
$114K-$211K , 3.3
$114K-$211K , 4.9
$75K-$149K , 2.9
$75K-$149K , 5.0
$75K-$149K , 1.0
$75K-$149K , 3.8
$75K-$149K , 4.2
$75K-$149K , 3.7
$75K-$149K , 1.0
$75K-$149K , 3.6
$75K-$149K , 4.1
$75K-$149K , 4.1
$75K-$149K , 4.0
$75K-$149K , 2.9
$75K-$149K , 1.0
$112K-$211K , 4.3
$112K-$211K , 3.7
$112K-$211K , 4.2
$112K-$211K , 3.5
$112K-$211K , 4.1
$112K-$211K , 4.1
$112K-$211K , 3.7
$112K-$211K , 3.7
$112K-$211K , 1.0
$112K-$211K , 3.4
$112K-$211K , 4.3
$112K-$211K , 4.3
$112K-$211K , 4.1
$112K-$211K , 4.1
$112K-$211K , 3.8
$112K-$211K , 3.0
$112K-$211K , 3.0
$112K-$211K , 4.2
$112K-$211K , 3.2
$112K-$211K , 4.1
$112K-$211K , 4.1
$112K-$211K , 1.0
$62K-$127K , 2.9
$62K-$127K , 4.0
$62K-$127K , 4.1
$62K-$127K , 2.4
$62K-$127K , 3.8
$62K-$127K , 1.0
$62K-$127K , 4.0
$62K-$127K , 4.0
$62K-$127K , 4.3
$62K-$127K , 4.2
$62K-$127K , 4.1
$62K-$127K , 1.0
$62K-$127K , 3.6
$86K-$178K , 1.0
$86K-$178K , 4.0
$86K-$178K , 3.3
$86K-$178K , 2.5
$86K-$178K , 2.4
$86K-$178K , 3.7
$86K-$178K , 3.7
$86K-$178K , 4.0
$86K-$178K , 3.2
$86K-$178K , 1.0
$86K-$178K , 4.2
$86K-$178K , 3.5
$86K-$178K , 4.2
$86K-$178K , 3.4
$86K-$178K , 2.4
$86K-$178K , 1.0
$86K-$178K , 3.5
$86K-$178K , 1.0
$86K-$178K , 2.8
$86K-$178K , 3.4
$110K-$169K , 4.3
$110K-$169K , 4.1
$110K-$169K , 4.1
$110K-$169K , 4.2
$110K-$169K , 3.1
$110K-$169K , 3.1
$110K-$169K , 4.1
$110K-$169K , 4.0
$12K-$112K , 3.6
$12K-$112K , 4.3
$12K-$112K , 5.0
$12K-$112K , 4.0
$12K-$112K , 4.0
$12K-$112K , 3.3
$12K-$112K , 4.6
$12K-$112K , 5.0
$12K-$112K , 5.0
$12K-$112K , 5.0
$12K-$112K , 3.4
$12K-$112K , 3.4
$12K-$112K , 5.0
$12K-$112K , 3.9
$12K-$112K , 3.5
$12K-$112K , 4.2
$12K-$112K , 3.6
$12K-$112K , 3.5
$12K-$112K , 3.5
$12K-$112K , 4.0
$12K-$112K , 4.0
$12K-$112K , 3.1
$12K-$112K , 4.6
$12K-$112K , 3.1
$12K-$112K , 3.1
$12K-$112K , 1.0
$12K-$112K , 2.5
$12K-$112K , 2.5
$12K-$112K , 3.5
$12K-$112K , 1.0
$12K-$111K , 3.6
$12K-$111K , 3.6
$12K-$111K , 3.0
$12K-$111K , 3.4
$12K-$111K , 4.4
$12K-$111K , 4.4
$12K-$111K , 2.2
$12K-$111K , 2.2
$12K-$111K , 3.6
$12K-$111K , 1.0
$12K-$111K , 4.0
$12K-$111K , 3.6
$12K-$111K , 4.2
$12K-$111K , 4.3
$12K-$111K , 4.3
$12K-$111K , 3.5
$12K-$111K , 3.7
$12K-$111K , 3.8
$12K-$111K , 4.5
$12K-$111K , 1.0
$12K-$111K , 3.9
$12K-$111K , 3.1
$12K-$111K , 3.1
$12K-$111K , 4.8
$12K-$111K , 1.0
$12K-$111K , 4.3
$12K-$111K , 3.4
$12K-$111K , 1.0
$12K-$111K , 3.9
$12K-$111K , 3.6
$12K-$111K , 3.6
$134K-$210K , 3.5
$134K-$210K , 3.6
$134K-$210K , 4.1
$134K-$210K , 5.0
$134K-$210K , 4.7
$134K-$210K , 3.5
$134K-$210K , 1.0
$134K-$210K , 3.9
$134K-$210K , 3.1
$134K-$210K , 2.8
$134K-$210K , 3.6
$134K-$210K , 4.6
$134K-$210K , 4.6
$134K-$210K , 3.0
$134K-$210K , 3.3
$134K-$210K , 4.1
$134K-$210K , 2.8
$134K-$210K , 2.9
$134K-$210K , 3.3
$134K-$210K , 1.0
$134K-$210K , 2.7
$134K-$210K , 4.1
$134K-$210K , 3.8
$134K-$210K , 3.8
$134K-$210K , 3.6
$134K-$210K , 3.6
$134K-$210K , 4.1
$134K-$210K , 5.0
$134K-$210K , 3.0
$134K-$210K , 3.8
$49K-$78K , 1.0
$49K-$78K , 3.7
$49K-$78K , 3.9
$49K-$78K , 2.4
$49K-$78K , 4.6
$49K-$78K , 1.0
$49K-$78K , 3.7
$49K-$78K , 4.0
$49K-$78K , 4.0
$49K-$78K , 4.4
$49K-$78K , 4.4
$49K-$78K , 3.4
$49K-$78K , 1.0
$49K-$78K , 3.3
$49K-$78K , 3.4
$49K-$78K , 3.4
$49K-$78K , 5.0
$49K-$78K , 3.7
$49K-$78K , 3.7
$49K-$78K , 3.9
$49K-$78K , 1.0
$49K-$78K , 4.6
$49K-$78K , 2.5
$49K-$78K , 4.0
$49K-$78K , 3.7
$49K-$78K , 3.7
$49K-$78K , 4.4
$49K-$78K , 3.8
$49K-$78K , 3.7
$49K-$78K , 3.6
$48K-$98K , 4.0
$48K-$98K , 4.0
$48K-$98K , 1.9
$48K-$98K , 3.3
$48K-$98K , 1.7
$48K-$98K , 4.3
$48K-$98K , 4.3
$48K-$98K , 4.5
$48K-$98K , 1.0
$48K-$98K , 4.1
$48K-$98K , 2.9
$48K-$98K , 2.9
$48K-$98K , 4.6
$48K-$98K , 4.1
$48K-$98K , 3.7
$48K-$98K , 3.3
$48K-$98K , 3.3
$48K-$98K , 7.5
$48K-$98K , 3.6
$48K-$98K , 2.8
$48K-$98K , 4.1
$48K-$98K , 2.8
$48K-$98K , 2.8
$48K-$98K , 1.0
$48K-$98K , 3.7
$48K-$98K , 4.4
$48K-$98K , 4.4
$48K-$98K , 3.6
$48K-$98K , 3.3
$48K-$98K , 3.9
$85K-$159K , 4.6
$85K-$159K , 3.6
$85K-$159K , 3.9
$85K-$159K , 3.9
$85K-$159K , 3.2
$85K-$159K , 3.2
$85K-$159K , 4.1
$85K-$159K , 2.4
$85K-$159K , 2.8
$85K-$159K , 3.6
$85K-$159K , 3.6
$85K-$159K , 3.4
$85K-$159K , 4.6
$85K-$159K , 1.0
$85K-$159K , 3.7
$85K-$159K , 4.1
$85K-$159K , 3.0
$85K-$159K , 3.0
$85K-$159K , 5.0
$85K-$159K , 5.0
$85K-$159K , 3.3
$85K-$159K , 3.4
$85K-$159K , 3.9
$85K-$159K , 3.9
$85K-$159K , 3.4
$85K-$159K , 3.4
$85K-$159K , 3.6
$85K-$159K , 3.7
$85K-$159K , 3.7
$85K-$159K , 3.4
$51K-$79K , 2.4
$51K-$79K , 4.3
$51K-$79K , 5.0
$51K-$79K , 4.3
$51K-$79K , 3.7
$51K-$79K , 4.1
$51K-$79K , 3.4
$51K-$79K , 4.4
$51K-$79K , 3.4
$51K-$79K , 4.1
$51K-$79K , 5.0
$51K-$79K , 5.0
$51K-$79K , 5.0
$51K-$79K , 3.8
$51K-$79K , 5.0
$51K-$79K , 5.0
$51K-$79K , 4.0
$51K-$79K , 4.0
$51K-$79K , 5.0
$51K-$79K , 5.0
$51K-$79K , 2.8
$51K-$79K , 3.4
$51K-$79K , 1.0
$51K-$79K , 4.0
$51K-$79K , 1.0
$51K-$79K , 1.0
$51K-$79K , 3.4
$51K-$79K , 4.0
$51K-$79K , 2.9
$51K-$79K , 3.4
$49K-$92K , 3.4
$49K-$92K , 3.5
$49K-$92K , 1.0
$49K-$92K , 4.5
$49K-$92K , 1.0
$49K-$92K , 4.5
$49K-$92K , 4.5
$49K-$92K , 3.0
$49K-$92K , 3.9
$49K-$92K , 4.1
$49K-$92K , 4.1
$49K-$92K , 3.6
$49K-$92K , 2.9
$49K-$92K , 3.1
$49K-$92K , 3.9
$49K-$92K , 3.9
$49K-$92K , 2.4
$49K-$92K , 4.1
$49K-$92K , 4.1
$49K-$92K , 4.5
$49K-$92K , 3.9
$49K-$92K , 3.9
$49K-$92K , 3.9
$49K-$92K , 3.9
$49K-$92K , 4.0
$49K-$92K , 4.4
$49K-$92K , 4.1
$49K-$92K , 4.2
$49K-$92K , 4.6
$85K-$147K , 1.0
$85K-$147K , 4.0
$85K-$147K , 3.8
$85K-$147K , 3.8
$85K-$147K , 2.8
$85K-$147K , 3.7
$85K-$147K , 1.0
$85K-$147K , 3.7
$85K-$147K , 4.0
$85K-$147K , 4.0
$85K-$147K , 4.0
$45K-$78K , 3.3
$45K-$78K , 3.8
$45K-$78K , 4.1
$45K-$78K , 3.6
$45K-$78K , 3.4
$45K-$78K , 1.0
$45K-$78K , 3.7
$45K-$78K , 1.9
$45K-$78K , 3.4
$45K-$78K , 3.0
$45K-$78K , 3.0
$45K-$78K , 3.2
$45K-$78K , 4.0
$45K-$78K , 4.0
$45K-$78K , 4.0
$45K-$78K , 4.2
$45K-$78K , 3.2
$45K-$78K , 3.9
$45K-$78K , 2.6
$45K-$78K , 4.4
$45K-$78K , 1.0
$48K-$89K , 3.5
$48K-$89K , 3.5
$48K-$89K , 2.5
$48K-$89K , 3.3
$48K-$89K , 3.8
$48K-$89K , 4.4
$48K-$89K , 3.7
$48K-$89K , 4.6
$48K-$89K , 2.6
$48K-$89K , 1.0
$48K-$89K , 1.0
$48K-$89K , 4.3
$48K-$89K , 3.9
$48K-$89K , 4.2
$48K-$89K , 3.0
$48K-$89K , 3.7
$48K-$89K , 3.7
$48K-$89K , 3.8
$48K-$89K , 3.8
$48K-$89K , 3.7
$48K-$89K , 5.0
$48K-$89K , 5.0
$48K-$89K , 2.5
$48K-$89K , 2.5
$48K-$89K , 2.5
$48K-$89K , 2.6
$48K-$89K , 3.8
$46K-$91K , 3.8
$46K-$91K , 3.8
$46K-$91K , 3.7
$46K-$91K , 3.0
$46K-$91K , 3.3
$46K-$91K , 4.6
$46K-$91K , 3.9
$46K-$91K , 2.8
$46K-$91K , 2.8
$46K-$91K , 3.4
$46K-$91K , 3.6
$46K-$91K , 1.0
$46K-$91K , 3.9
$46K-$91K , 3.9
$46K-$91K , 4.5
$46K-$91K , 3.7
$46K-$91K , 3.7
$46K-$91K , 3.7
$46K-$91K , 3.7
$46K-$91K , 4.0
$46K-$91K , 3.6
$46K-$91K , 3.7
$46K-$91K , 4.1
$46K-$91K , 1.0
$46K-$91K , 3.7
$46K-$91K , 3.7
$46K-$91K , 1.0
$46K-$91K , 3.6
$46K-$91K , 3.7
$46K-$91K , 3.5
$73K-$102K , 3.5
$73K-$102K , 5.0
$73K-$102K , 2.8
$73K-$102K , 3.1
$73K-$102K , 3.1
$73K-$102K , 5.0
$73K-$102K , 3.4
$73K-$102K , 4.3
$73K-$102K , 3.6
$73K-$102K , 3.5
$73K-$102K , 3.9
$73K-$102K , 5.0
$73K-$102K , 3.6
$73K-$102K , 4.4
$73K-$102K , 5.0
$73K-$102K , 3.3
$73K-$102K , 4.2
$73K-$102K , 4.4
$73K-$102K , 3.9
$73K-$102K , 3.9
$73K-$102K , 4.1
$73K-$102K , 3.9
$73K-$102K , 3.5
$73K-$102K , 3.5
$73K-$102K , 3.0
$73K-$102K , 1.0
$73K-$102K , 3.7
$73K-$102K , 3.6
$73K-$102K , 5.0
$73K-$102K , 3.9
$100K-$172K , 3.2
$100K-$172K , 1.9
$100K-$172K , 3.0
$100K-$172K , 3.4
$100K-$172K , 3.9
$100K-$172K , 4.4
$100K-$172K , 1.0
$93K-$149K , 2.5
$93K-$149K , 3.8
$93K-$149K , 4.1
$93K-$149K , 3.3
$93K-$149K , 4.1
$93K-$149K , 1.0
$93K-$149K , 3.8
$93K-$149K , 3.3
$93K-$149K , 4.7
$93K-$149K , 3.8
$93K-$149K , 3.2
$93K-$149K , 4.3
$93K-$149K , 3.8
$93K-$149K , 3.8
$93K-$149K , 2.8
$93K-$149K , 4.5
$93K-$149K , 1.0
$93K-$149K , 3.5
$93K-$149K , 4.2
$93K-$149K , 4.3
$93K-$149K , 4.2
$93K-$149K , 3.6
$93K-$149K , 4.3
$93K-$149K , 3.6
$93K-$149K , 3.6
$93K-$149K , 3.9
$93K-$149K , 4.5
$93K-$149K , 3.7
$93K-$149K , 3.6
$93K-$149K , 4.5
$148K-$174K , 3.9
$148K-$174K , 4.1
$148K-$174K , 3.1
$148K-$174K , 3.8
$148K-$174K , 4.3
$148K-$174K , 3.5
$148K-$174K , 3.5
$148K-$174K , 3.1
$148K-$174K , 4.1
$148K-$174K , 4.1
$148K-$174K , 4.3
$148K-$174K , 4.6
$148K-$174K , 4.1
$148K-$174K , 4.0
$148K-$174K , 1.0
$148K-$174K , 1.0
$148K-$174K , 2.3
$148K-$174K , 4.8
$148K-$174K , 3.8
$148K-$174K , 4.7
$148K-$174K , 2.6
$148K-$174K , 1.0
$148K-$174K , 4.8
$148K-$174K , 4.7
$148K-$174K , 4.0
$148K-$174K , 4.5
$148K-$174K , 4.3
$148K-$174K , 4.8
$148K-$174K , 5.0
$148K-$174K , 1.0
$111K-$175K , 4.8
$111K-$175K , 4.8
$111K-$175K , 3.6
$111K-$175K , 3.8
$111K-$175K , 4.2
$111K-$175K , 4.1
$111K-$175K , 1.0
$111K-$175K , 4.2
$111K-$175K , 4.5
$111K-$175K , 4.1
$111K-$175K , 4.9
$111K-$175K , 4.1
$111K-$175K , 3.6
$111K-$175K , 4.5
$111K-$175K , 4.2
$111K-$175K , 4.4
$111K-$175K , 3.8
$111K-$175K , 3.5
$111K-$175K , 2.8
$111K-$175K , 4.0
$111K-$175K , 3.5
$111K-$175K , 4.8
$111K-$175K , 4.6
$111K-$175K , 3.8
$111K-$175K , 4.3
$111K-$175K , 5.0
$111K-$175K , 4.5
$111K-$175K , 1.0
$111K-$175K , 4.1
$111K-$175K , 4.1
$111K-$175K , 4.7
$111K-$175K , 3.4
$111K-$175K , 3.6
$111K-$175K , 4.5
$111K-$175K , 4.1
$111K-$175K , 4.7
$111K-$175K , 3.5
$111K-$175K , 4.0
$111K-$175K , 5.0
$111K-$175K , 4.2
$111K-$175K , 3.7
$111K-$175K , 4.8
$111K-$175K , 4.1
$111K-$175K , 3.0
$111K-$175K , 3.7
$111K-$175K , 3.9
$111K-$175K , 4.5
$111K-$175K , 4.5
$111K-$175K , 3.9
$111K-$175K , 3.4
$111K-$175K , 3.6
$111K-$175K , 3.6
$111K-$175K , 3.2
$111K-$175K , 4.4
$111K-$175K , 3.5
$111K-$175K , 4.8
$111K-$175K , 4.1
$111K-$175K , 3.9
$111K-$175K , 3.8
$111K-$175K , 3.4
$150K-$237K , 3.4
$150K-$237K , 1.0
$150K-$237K , 3.2
$150K-$237K , 4.4
$150K-$237K , 4.1
$150K-$237K , 1.0
$150K-$237K , 3.5
$150K-$237K , 2.3
$150K-$237K , 4.2
$150K-$237K , 3.4
$150K-$237K , 3.9
$150K-$237K , 4.3
$150K-$237K , 3.9
$150K-$237K , 4.2
$150K-$237K , 4.1
$150K-$237K , 5.0
$150K-$237K , 4.8
$150K-$237K , 4.5
$150K-$237K , 3.7
$150K-$237K , 3.3
$150K-$237K , 3.3
$150K-$237K , 4.1
$150K-$237K , 3.7
$150K-$237K , 3.7
$150K-$237K , 4.1
$150K-$237K , 3.4
$150K-$237K , 4.3
$150K-$237K , 4.0
$150K-$237K , 4.7
$200K-$250K , 3.7
$200K-$250K , 3.9
$200K-$250K , 5.0
$200K-$250K , 4.6
$200K-$250K , 3.8
$200K-$250K , 4.1
$200K-$250K , 3.7
$200K-$250K , 3.4
$200K-$250K , 3.9
$200K-$250K , 4.4
$200K-$250K , 4.1
$200K-$250K , 4.3
$200K-$250K , 4.0
$200K-$250K , 3.6
$200K-$250K , 3.6
$200K-$250K , 4.2
$200K-$250K , 4.5
$200K-$250K , 4.1
$200K-$250K , 4.5
$200K-$250K , 3.9
$200K-$250K , 3.4
$200K-$250K , 3.6
$200K-$250K , 3.1
$200K-$250K , 1.7
$200K-$250K , 4.5
$200K-$250K , 4.1
$200K-$250K , 4.4
$200K-$250K , 4.4
$200K-$250K , 4.4
$135K-$214K , 3.1
$135K-$214K , 4.1
$135K-$214K , 4.1
$135K-$214K , 3.4
$135K-$214K , 3.8
$135K-$214K , 3.8
$135K-$214K , 3.8
$135K-$214K , 4.1
$135K-$214K , 4.5
$135K-$214K , 3.8
$135K-$214K , 4.6
$135K-$214K , 4.1
$135K-$214K , 3.5
$135K-$214K , 4.5
$135K-$214K , 4.3
$135K-$214K , 3.9
$135K-$214K , 3.7
$135K-$214K , 4.5
$135K-$214K , 4.1
$135K-$214K , 3.9
$135K-$214K , 3.4
$135K-$214K , 4.1
$135K-$214K , 4.7
$135K-$214K , 4.7
$135K-$214K , 3.1
$135K-$214K , 2.0
$135K-$214K , 1.0
$135K-$214K , 4.1
$135K-$214K , 4.1
$135K-$214K , 3.3
$135K-$214K , 4.2
$119K-$188K , 3.5
$119K-$188K , 4.1
$119K-$188K , 3.4
$119K-$188K , 3.4
$119K-$188K , 3.3
$119K-$188K , 4.3
$119K-$188K , 4.0
$119K-$188K , 4.1
$119K-$188K , 3.8
$119K-$188K , 4.0
$119K-$188K , 4.0
$119K-$188K , 4.1
$119K-$188K , 3.1
$119K-$188K , 3.9
$119K-$188K , 3.8
$119K-$188K , 4.7
$119K-$188K , 4.4
$119K-$188K , 4.1
$119K-$188K , 4.0
$119K-$188K , 4.4
$119K-$188K , 5.0
$119K-$188K , 4.1
$119K-$188K , 4.1
$119K-$188K , 3.6
$119K-$188K , 3.8
$119K-$188K , 4.4
$119K-$188K , 4.1
$119K-$188K , 3.5
$119K-$188K , 4.1
$119K-$188K , 4.1
$145K-$176K , 4.1
$145K-$176K , 4.1
$145K-$176K , 4.5
$145K-$176K , 3.9
$145K-$176K , 1.0
$145K-$176K , 3.5
$145K-$176K , 3.5
$145K-$176K , 4.5
$145K-$176K , 3.9
$145K-$176K , 1.0
$145K-$176K , 1.0
$145K-$176K , 3.9
$145K-$176K , 5.0
$145K-$176K , 3.5
$145K-$176K , 3.5
$145K-$176K , 4.3
$145K-$176K , 3.5
$145K-$176K , 4.1
$145K-$176K , 3.7
$145K-$176K , 4.5
$145K-$176K , 1.0
$145K-$176K , 4.8
$145K-$176K , 4.8
$145K-$176K , 3.4
$145K-$176K , 3.4
$145K-$176K , 3.2
$145K-$176K , 2.3
$145K-$176K , 2.7
$145K-$176K , 3.5
$150K-$169K , 3.9
$150K-$169K , 4.1
$150K-$169K , 4.6
$150K-$169K , 2.7
$150K-$169K , 1.5
$150K-$169K , 4.5
$150K-$169K , 1.0
$150K-$169K , 3.9
$150K-$169K , 3.9
$150K-$169K , 4.2
$150K-$169K , 3.5
$150K-$169K , 3.9
$150K-$169K , 5.0
$150K-$169K , 4.6
$150K-$169K , 1.0
$150K-$169K , 4.0
$150K-$169K , 3.8
$150K-$169K , 4.1
$150K-$169K , 1.0
$150K-$169K , 4.5
$150K-$169K , 4.6
$150K-$169K , 1.0
$150K-$169K , 3.8
$150K-$169K , 4.4
$150K-$169K , 4.4
$150K-$169K , 3.7
$150K-$169K , 3.7
$150K-$169K , 4.1
$150K-$169K , 4.1
$150K-$169K , 4.4
$150K-$169K , 3.6
$121K-$192K , 4.0
$121K-$192K , 4.5
$121K-$192K , 3.1
$121K-$192K , 3.2
$121K-$192K , 3.7
$121K-$192K , 3.5
$121K-$192K , 4.0
$121K-$192K , 3.4
$121K-$192K , 4.1
$121K-$192K , 4.1
$121K-$192K , 4.1
$121K-$192K , 1.0
$121K-$192K , 1.0
$121K-$192K , 4.5
$121K-$192K , 2.9
$121K-$192K , 2.9
$121K-$192K , 4.2
$121K-$192K , 4.1
$121K-$192K , 3.9
$121K-$192K , 1.0
$121K-$192K , 4.1
$121K-$192K , 3.3
$121K-$192K , 3.6
$121K-$192K , 3.6
$121K-$192K , 4.5
$121K-$192K , 3.5
$121K-$192K , 5.0
$121K-$192K , 5.0
$121K-$192K , 3.7
$141K-$225K , 3.7
$141K-$225K , 4.1
$141K-$225K , 5.0
$141K-$225K , 5.0
$141K-$225K , 5.0
$141K-$225K , 4.1
$141K-$225K , 3.1
$141K-$225K , 4.1
$141K-$225K , 3.8
$141K-$225K , 4.8
$141K-$225K , 4.1
$141K-$225K , 5.0
$141K-$225K , 4.8
$141K-$225K , 3.3
$141K-$225K , 1.0
$141K-$225K , 3.9
$141K-$225K , 3.7
$141K-$225K , 4.1
$141K-$225K , 4.5
$141K-$225K , 4.2
$141K-$225K , 4.2
$141K-$225K , 4.1
$141K-$225K , 4.1
$141K-$225K , 3.8
$141K-$225K , 3.6
$141K-$225K , 4.0
$141K-$225K , 4.0
$141K-$225K , 4.2
$141K-$225K , 3.9
$102K-$179K , 3.6
$102K-$179K , 3.8
$102K-$179K , 4.5
$102K-$179K , 4.1
$102K-$179K , 3.9
$102K-$179K , 4.6
$102K-$179K , 4.7
$102K-$179K , 1.0
$102K-$179K , 3.9
$102K-$179K , 3.9
$102K-$179K , 3.7
$102K-$179K , 3.7
$102K-$179K , 3.0
$102K-$179K , 3.0
$102K-$179K , 4.6
$102K-$179K , 3.3
$102K-$179K , 3.9
$102K-$179K , 3.2
$102K-$179K , 3.5
$102K-$179K , 4.1
$102K-$179K , 4.1
$102K-$179K , 4.1
$116K-$181K , 4.2
$116K-$181K , 4.1
$116K-$181K , 3.1
$116K-$181K , 5.0
$116K-$181K , 3.7
$116K-$181K , 3.7
$116K-$181K , 4.5
$116K-$181K , 4.4
$116K-$181K , 3.9
$116K-$181K , 3.7
$116K-$181K , 4.5
$116K-$181K , 3.6
$116K-$181K , 4.1
$116K-$181K , 1.1
$116K-$181K , 3.7
$116K-$181K , 3.9
$116K-$181K , 3.8
$116K-$181K , 4.1
$116K-$181K , 3.3
$116K-$181K , 4.2
$116K-$181K , 3.6
$116K-$181K , 4.1
$116K-$181K , 3.9
$116K-$181K , 1.0
$116K-$181K , 3.5
$116K-$181K , 4.5
$116K-$181K , 4.3
$116K-$181K , 2.8
$116K-$181K , 2.8
$116K-$181K , 3.1
$112K-$178K , 3.7
$112K-$178K , 2.2
$112K-$178K , 4.1
$112K-$178K , 1.0
$112K-$178K , 4.1
$112K-$178K , 3.1
$112K-$178K , 3.3
$112K-$178K , 3.6
$112K-$178K , 3.9
$112K-$178K , 4.1
$112K-$178K , 3.6
$112K-$178K , 5.0
$112K-$178K , 4.1
$112K-$178K , 3.5
$112K-$178K , 3.1
$112K-$178K , 4.1
$112K-$178K , 3.7
$112K-$178K , 2.8
$112K-$178K , 2.8
$112K-$178K , 2.6
$112K-$178K , 3.1
$112K-$178K , 4.0
$112K-$178K , 3.9
$112K-$178K , 3.9
$112K-$178K , 4.3
$112K-$178K , 3.8
$112K-$178K , 3.9
$112K-$178K , 4.2
$112K-$178K , 4.1
$112K-$178K , 4.6
$93K-$151K , 3.8
$93K-$151K , 4.2
$93K-$151K , 4.1
$93K-$151K , 3.5
$93K-$151K , 4.3
$93K-$151K , 4.3
$93K-$151K , 4.1
$93K-$151K , 3.7
$93K-$151K , 3.7
$93K-$151K , 3.6
$93K-$151K , 4.7
$93K-$151K , 4.1
$93K-$151K , 2.7
$93K-$151K , 2.8
$93K-$151K , 3.3
$93K-$151K , 3.2
$93K-$151K , 3.7
$93K-$151K , 3.7
$93K-$151K , 3.7
$93K-$151K , 4.1
$93K-$151K , 1.0
$93K-$151K , 4.1
$93K-$151K , 4.5
$93K-$151K , 4.3
$93K-$151K , 3.6
$93K-$151K , 1.1
$93K-$151K , 3.7
$93K-$151K , 4.9
$93K-$151K , 3.8
$93K-$151K , 4.3
$93K-$151K , 3.9
$100K-$152K , 3.9
$100K-$152K , 4.3
$100K-$152K , 5.0
$100K-$152K , 3.6
$100K-$152K , 3.8
$100K-$152K , 4.5
$100K-$152K , 4.7
$100K-$152K , 3.9
$100K-$152K , 3.8
$100K-$152K , 3.4
$100K-$152K , 2.6
$100K-$152K , 2.9
$100K-$152K , 3.8
$100K-$152K , 4.1
$100K-$152K , 4.7
$100K-$152K , 3.5
$100K-$152K , 3.5
$100K-$152K , 2.9
$100K-$152K , 4.1
$100K-$152K , 3.5
$100K-$152K , 1.0
$100K-$152K , 3.8
$100K-$152K , 3.2
$100K-$152K , 4.2
$100K-$152K , 4.3
$100K-$152K , 3.9
$100K-$152K , 1.0
$100K-$152K , 3.2
$100K-$152K , 3.9
$100K-$152K , 3.7
$38K-$68K , 1.0
$38K-$68K , 3.7
$38K-$68K , 1.0
$38K-$68K , 3.3
$38K-$68K , 3.7
$38K-$68K , 2.4
$38K-$68K , 2.9
$38K-$68K , 3.9
$38K-$68K , 1.0
$38K-$68K , 4.1
$38K-$68K , 3.7
$38K-$68K , 3.9
$38K-$68K , 3.7
$38K-$68K , 3.7
$38K-$68K , 4.1
$38K-$68K , 4.1
$38K-$68K , 4.4
$38K-$68K , 1.0
$38K-$68K , 2.5
$38K-$68K , 3.5
$38K-$68K , 4.1
$38K-$68K , 3.7
$38K-$68K , 3.7
$38K-$68K , 3.7
$38K-$68K , 4.5
$38K-$68K , 5.0
$38K-$68K , 1.0
$38K-$68K , 4.1
$73K-$111K , 4.1
$73K-$111K , 4.7
$73K-$111K , 2.4
$73K-$111K , 4.2
$73K-$111K , 4.3
$73K-$111K , 3.9
$73K-$111K , 4.2
$73K-$111K , 4.3
$73K-$111K , 3.6
$73K-$111K , 3.6
$73K-$111K , 1.0
$73K-$111K , 1.0
$73K-$111K , 3.7
$73K-$111K , 4.1
$73K-$111K , 4.3
$73K-$111K , 3.9
$73K-$111K , 2.8
$73K-$111K , 1.0
$73K-$111K , 3.3
$73K-$111K , 3.3
$73K-$111K , 3.8
$73K-$111K , 1.0
$73K-$111K , 4.3
$73K-$111K , 3.9
$73K-$111K , 4.8
$73K-$111K , 4.8
$73K-$111K , 3.3
$73K-$111K , 4.3
$73K-$111K , 5.0
$73K-$111K , 3.7
$82K-$129K , 3.7
$82K-$129K , 3.8
$82K-$129K , 2.8
$82K-$129K , 3.1
$82K-$129K , 3.3
$82K-$129K , 3.9
$82K-$129K , 4.0
$82K-$129K , 3.2
$82K-$129K , 1.0
$82K-$129K , 0.0
$82K-$129K , 3.4
$82K-$129K , 3.7
$82K-$129K , 3.6
$82K-$129K , 2.6
$82K-$129K , 4.2
$82K-$129K , 4.2
$82K-$129K , 3.9
$82K-$129K , 3.9
$82K-$129K , 3.7
$82K-$129K , 3.3
$82K-$129K , 2.8
$82K-$129K , 3.1
$82K-$129K , 3.1
$82K-$129K , 3.4
$82K-$129K , 3.4
$82K-$129K , 3.9
$82K-$129K , 3.1
$82K-$129K , 6.6
$82K-$129K , 4.4
$82K-$129K , 3.3
$74K-$144K , 3.5
$74K-$144K , 2.6
$74K-$144K , 2.6
$74K-$144K , 3.4
$74K-$144K , 3.3
$74K-$144K , 3.3
$74K-$144K , 4.6
$74K-$144K , 4.2
$74K-$144K , 4.2
$74K-$144K , 3.6
$74K-$144K , 1.0
$74K-$144K , 3.9
$74K-$144K , 2.6
$74K-$144K , 2.8
$74K-$144K , 3.7
$74K-$144K , 3.7
$74K-$144K , 4.0
$74K-$144K , 4.7
$74K-$144K , 3.7
$74K-$144K , 5.0
$74K-$144K , 3.7
$74K-$144K , 3.5
$74K-$144K , 3.5
$74K-$144K , 5.0
$74K-$144K , 5.0
$74K-$144K , 3.3
$74K-$144K , 4.3
$74K-$144K , 2.8
$74K-$144K , 3.7
$74K-$144K , 3.7
$41K-$66K , 1.0
$41K-$66K , 4.3
$41K-$66K , 4.1
$41K-$66K , 4.1
$41K-$66K , 3.4
$41K-$66K , 3.3
$41K-$66K , 3.9
$41K-$66K , 1.0
$41K-$66K , 4.2
$41K-$66K , 4.2
$41K-$66K , 4.3
$41K-$66K , 2.7
$41K-$66K , 1.0
$59K-$113K , 2.8
$59K-$113K , 1.0
$59K-$113K , 4.0
$59K-$113K , 3.9
$59K-$113K , 3.7
$59K-$113K , 3.4
$59K-$113K , 4.3
$59K-$113K , 3.4
$59K-$113K , 4.3
$59K-$113K , 2.8
$59K-$113K , 3.5
$59K-$113K , 3.5
$70K-$129K , 2.8
$70K-$129K , 3.3
$70K-$129K , 4.0
$70K-$129K , 3.8
$70K-$129K , 2.8
$70K-$129K , 4.9
$70K-$129K , 4.8
$70K-$129K , 4.8
$70K-$129K , 2.5
$70K-$129K , 3.5
$70K-$129K , 3.5
$70K-$129K , 3.8
$70K-$129K , 2.7
$70K-$129K , 2.7
$70K-$129K , 4.3
$70K-$129K , 3.5
$70K-$129K , 3.5
$70K-$129K , 3.7
$70K-$129K , 0.0
$70K-$129K , 3.6
$70K-$129K , 4.5
$70K-$129K , 4.7
$70K-$129K , 3.2
$70K-$129K , 3.3
$50K-$110K , 4.4
$50K-$110K , 4.1
$50K-$110K , 4.1
$50K-$110K , 4.1
$50K-$110K , 1.0
$50K-$110K , 4.0
$50K-$110K , 3.8
$50K-$110K , 2.9
$50K-$110K , 2.9
$50K-$110K , 4.1
$50K-$110K , 3.7
$50K-$110K , 2.8
$50K-$110K , 3.8
$50K-$110K , 4.1
$50K-$110K , 4.2
$50K-$110K , 1.0
$50K-$110K , 4.3
$50K-$110K , 4.1
$50K-$110K , 3.8
$50K-$110K , 4.3
$50K-$110K , 2.9
$50K-$110K , 1.0
$50K-$110K , 5.0
$50K-$110K , 4.7
$50K-$110K , 4.2
$50K-$110K , 4.0
$50K-$110K , 3.8
$50K-$110K , 4.5
$50K-$110K , 3.8
$50K-$110K , 2.9
$62K-$112K , 1.6
$62K-$112K , 1.6
$62K-$112K , 1.0
$62K-$112K , 3.9
$62K-$112K , 3.9
$62K-$112K , 5.0
$62K-$112K , 4.5
$62K-$112K , 1.0
$62K-$112K , 1.0
$62K-$112K , 3.8
$62K-$112K , 3.2
$62K-$112K , 4.0
$62K-$112K , 3.4
$62K-$112K , 5.0
$62K-$112K , 3.9
$62K-$112K , 3.8
$62K-$112K , 3.3
$62K-$112K , 4.1
$62K-$112K , 1.0
$62K-$112K , 1.0
$62K-$112K , 3.0
$62K-$112K , 4.1
$62K-$112K , 4.2
$62K-$112K , 3.8
$62K-$112K , 3.8
$62K-$112K , 4.0
$62K-$112K , 2.8
$62K-$112K , 5.0
$62K-$112K , 3.3
$62K-$112K , 3.8
$114K-$185K , 4.3
$114K-$185K , 4.7
$114K-$185K , 3.9
$114K-$185K , 3.9
$114K-$185K , 1.0
$114K-$185K , 1.0
$114K-$185K , 1.0
$61K-$94K , 3.3
$61K-$94K , 3.3
$61K-$94K , 3.9
$61K-$94K , 1.0
$61K-$94K , 1.0
$61K-$94K , 3.0
$61K-$94K , 3.0
$61K-$94K , 4.3
$61K-$94K , 4.1
$61K-$94K , 3.3
$61K-$94K , 4.6
$61K-$94K , 4.5
$61K-$94K , 1.0
$61K-$94K , 5.0
$61K-$94K , 3.6
$61K-$94K , 1.0
$61K-$94K , 5.0
$61K-$94K , 4.5
$61K-$94K , 3.7
$61K-$94K , 4.1
$61K-$94K , 3.9
$61K-$94K , 3.5
$61K-$94K , 3.5
$61K-$94K , 3.1
$61K-$94K , 3.1
$61K-$94K , 0.0
$61K-$94K , 4.3
$61K-$94K , 3.8
$61K-$94K , 1.0
$61K-$94K , 3.4
$54K-$88K , 3.4
$54K-$88K , 1.0
$54K-$88K , 3.7
$54K-$88K , 3.7
$54K-$88K , 3.3
$54K-$88K , 3.7
$54K-$88K , 3.3
$54K-$88K , 3.3
$54K-$88K , 3.7
$54K-$88K , 3.3
$54K-$88K , 3.1
$54K-$88K , 3.1
$54K-$88K , 3.3
$54K-$88K , 1.0
$54K-$88K , 3.2
$54K-$88K , 4.3
$54K-$88K , 4.1
$54K-$88K , 3.5
$54K-$88K , 3.5
$54K-$88K , 5.0
$54K-$88K , 3.6
$54K-$88K , 3.6
$54K-$88K , 2.7
$54K-$88K , 2.7
$54K-$88K , 1.0
$54K-$88K , 1.0
$54K-$88K , 5.0
$54K-$88K , 5.0
$54K-$88K , 5.0
$54K-$88K , 5.0
$66K-$130K , 3.5
$66K-$130K , 3.5
$66K-$130K , 3.8
$66K-$130K , 3.7
$66K-$130K , 3.7
$66K-$130K , 1.0
$66K-$130K , 3.2
$66K-$130K , 4.2
$66K-$130K , 5.0
$96K-$155K , 1.0
$96K-$155K , 3.0
$96K-$155K , 3.0
$96K-$155K , 3.0
$96K-$155K , 3.5
$96K-$155K , 3.3
$96K-$155K , 3.3
$96K-$155K , 5.0
$96K-$155K , 4.0
$96K-$155K , 3.8
$96K-$155K , 4.2
$96K-$155K , 3.3
$57K-$80K , 1.0
$57K-$80K , 3.8
$57K-$80K , 3.0
$57K-$80K , 4.0
$57K-$80K , 3.4
$57K-$80K , 3.4
$57K-$80K , 1.0
$57K-$80K , 3.7
$57K-$80K , 3.7
$57K-$80K , 1.0
$57K-$80K , 3.0
$57K-$80K , 4.2
$57K-$80K , 5.0
$57K-$80K , 2.8
$57K-$80K , 2.8
$57K-$80K , 3.9
$57K-$80K , 5.0
$57K-$80K , 3.6
$57K-$80K , 3.6
$47K-$84K , 3.3
$47K-$84K , 3.8
$47K-$84K , 3.8
$47K-$84K , 4.2
$47K-$84K , 4.7
$47K-$84K , 3.3
$47K-$84K , 3.1
$47K-$84K , 4.8
$47K-$84K , 4.8
$47K-$84K , 3.4
$47K-$84K , 4.0
$47K-$84K , 2.9
$39K-$71K , 4.0
$39K-$71K , 3.5
$39K-$71K , 4.8
$39K-$71K , 4.8
$39K-$71K , 1.0
$39K-$71K , 3.7
$39K-$71K , 3.4
$55K-$98K , 2.8
$55K-$98K , 2.8
$55K-$98K , 1.0
$55K-$98K , 3.9
$55K-$98K , 3.6
$55K-$98K , 3.6
$55K-$98K , 3.6
$55K-$98K , 3.3
$55K-$98K , 3.0
$100K-$172K , 2.2
$100K-$172K , 1.0
$100K-$172K , 3.0
$100K-$172K , 3.2
$100K-$172K , 4.2
$100K-$172K , 3.0
$100K-$172K , 3.0
$100K-$172K , 4.0
$100K-$172K , 3.7
$100K-$172K , 3.7
$100K-$172K , 3.0
$100K-$172K , 3.0
$100K-$172K , 2.9
$100K-$172K , 3.2
$100K-$172K , 3.2
$100K-$172K , 3.0
$100K-$172K , 4.2
$100K-$172K , 1.0
$100K-$172K , 2.5
$100K-$172K , 3.6
$100K-$172K , 3.4
$100K-$172K , 3.8
$100K-$172K , 3.8
$100K-$172K , 4.0
$100K-$172K , 1.0
$100K-$172K , 3.8
$100K-$172K , 3.8
$100K-$172K , 3.9
$100K-$172K , 3.9
$100K-$172K , 1.0
$93K-$103K , 3.8
$93K-$103K , 3.8
$93K-$103K , 3.6
$93K-$103K , 3.5
$93K-$103K , 3.8
$93K-$103K , 3.8
$93K-$103K , 2.2
$93K-$103K , 2.5
$93K-$103K , 2.5
$100K-$163K , 3.5
$100K-$163K , 4.2
$100K-$163K , 4.2
$100K-$163K , 4.2
$100K-$163K , 4.2
$100K-$163K , 3.1
$100K-$163K , 3.8
$100K-$163K , 3.9
$100K-$163K , 3.1
$100K-$163K , 4.9
$100K-$163K , 3.1
$100K-$163K , 3.5
$100K-$163K , 3.1
$100K-$163K , 3.8
$100K-$163K , 4.2
$100K-$163K , 3.1
$100K-$163K , 3.3
$100K-$163K , 4.2
$100K-$163K , 3.1
$100K-$163K , 3.6
$100K-$163K , 3.9
$100K-$163K , 3.9
$100K-$163K , 3.6
$100K-$163K , 4.1
$100K-$163K , 4.8
$100K-$163K , 4.2
$100K-$163K , 2.5
$100K-$163K , 3.9
$100K-$163K , 2.5
$100K-$163K , 3.5
$98K-$160K , 3.7
$98K-$160K , 3.6
$98K-$160K , 1.0
$98K-$160K , 4.2
$98K-$160K , 4.2
$98K-$160K , 3.1
$98K-$160K , 2.7
$98K-$160K , 3.9
$98K-$160K , 2.5
$98K-$160K , 3.9
$98K-$160K , 4.5
$98K-$160K , 4.2
$98K-$160K , 4.2
$98K-$160K , 3.7
$98K-$160K , 2.8
$98K-$160K , 3.6
$98K-$160K , 5.0
$98K-$160K , 3.6
$98K-$160K , 3.7
$98K-$160K , 3.6
$98K-$160K , 3.5
$98K-$160K , 3.5
$98K-$160K , 3.8
$98K-$160K , 3.1
$98K-$160K , 4.2
$98K-$160K , 3.6
$98K-$160K , 3.7
$98K-$160K , 3.9
$98K-$160K , 3.6
$98K-$160K , 3.9
$52K-$94K , 4.6
$52K-$94K , 4.6
$52K-$94K , 4.5
$52K-$94K , 3.7
$52K-$94K , 3.6
$52K-$94K , 3.6
$52K-$94K , 3.5
$52K-$94K , 4.9
$52K-$94K , 1.0
$52K-$94K , 3.3
$52K-$94K , 5.0
$52K-$94K , 2.3
$52K-$94K , 3.7
$52K-$94K , 3.8
$52K-$94K , 3.6
$52K-$94K , 3.6
$52K-$94K , 5.0
$52K-$94K , 4.2
$52K-$94K , 4.2
$52K-$94K , 3.7
$52K-$94K , 3.7
$52K-$94K , 3.3
$52K-$94K , 4.5
$52K-$94K , 1.0
$52K-$94K , 3.1
$52K-$94K , 3.6
$52K-$94K , 1.0
$52K-$94K , 4.6
$52K-$94K , 3.9
$52K-$94K , 5.0
$55K-$113K , 3.6
$55K-$113K , 8.6
$55K-$113K , 2.9
$55K-$113K , 3.1
$55K-$113K , 3.6
$55K-$113K , 3.8
$55K-$113K , 1.0
$55K-$113K , 3.9
$55K-$113K , 3.5
$55K-$113K , 3.4
$55K-$113K , 3.4
$55K-$113K , 3.9
$55K-$113K , 3.1
$55K-$113K , 3.9
$55K-$113K , 3.7
$55K-$113K , 3.7
$55K-$113K , 0.0
$55K-$113K , 4.2
$55K-$113K , 4.6
$55K-$113K , 3.3
$55K-$113K , 3.7
$55K-$113K , 3.6
$55K-$113K , 3.9
$55K-$113K , 3.7
$55K-$113K , 3.6
$55K-$113K , 4.6
$55K-$113K , 3.3
$55K-$113K , 3.7
$55K-$113K , 2.5
$55K-$113K , 3.7
$39K-$86K , 5.0
$39K-$86K , 3.7
$39K-$86K , 4.1
$39K-$86K , 3.7
$39K-$86K , 3.7
$39K-$86K , 3.9
$39K-$86K , 3.9
$39K-$86K , 5.0
$39K-$86K , 3.8
$39K-$86K , 3.8
$39K-$86K , 3.7
$39K-$86K , 4.0
$39K-$86K , 4.0
$39K-$86K , 3.4
$39K-$86K , 2.5
$39K-$86K , 1.0
$39K-$86K , 3.7
$39K-$86K , 3.9
$39K-$86K , 3.7
$39K-$86K , 3.7
$39K-$86K , 3.7
$39K-$86K , 3.7
$39K-$86K , 3.9
$39K-$86K , 4.6
$39K-$86K , 4.6
$39K-$86K , 1.0
$39K-$86K , 2.6
$39K-$86K , 3.9
$39K-$86K , 5.0
$39K-$86K , 5.0
$55K-$112K , 1.0
$55K-$112K , 1.0
$55K-$112K , 3.7
$55K-$112K , 3.7
$55K-$112K , 4.5
$55K-$112K , 3.0
$55K-$112K , 3.0
$55K-$112K , 4.1
$55K-$112K , 4.0
$55K-$112K , 4.2
$55K-$112K , 3.9
$55K-$112K , 3.9
$55K-$112K , 3.7
$55K-$112K , 4.5
$55K-$112K , 3.7
$55K-$112K , 3.2
$55K-$112K , 3.6
$55K-$112K , 3.9
$55K-$112K , 4.5
$55K-$112K , 3.4
$55K-$112K , 4.6
$55K-$112K , 2.2
$55K-$112K , 3.9
$55K-$112K , 4.4
$55K-$112K , 5.0
$55K-$112K , 4.0
$55K-$112K , 4.0
